pc,variable,kind,rho,p_perm,p_bh,p_bh_global,config_hash,git_sha,n_images,exploratory,phase_identity,review_status
embedding PC 1,curtaining_score_BSE,covariate,0.2290322581,0.2093953023,0.319078556,0.9960758564,45629944e398,0517998,31,True,"stated by Polaron, not image-verified",unreviewed
embedding PC 1,edge_charging_BSE,covariate,-0.3806451613,0.03848075962,0.1192131207,0.8091273512,45629944e398,0517998,31,True,"stated by Polaron, not image-verified",unreviewed
embedding PC 1,edge_charging_Inlens,covariate,0.07258064516,0.6791604198,0.8118607363,0.9960758564,45629944e398,0517998,31,True,"stated by Polaron, not image-verified",unreviewed
embedding PC 1,height,covariate,-0.3588368971,0.04597701149,0.122605364,0.8294314381,45629944e398,0517998,31,True,"stated by Polaron, not image-verified",unreviewed
embedding PC 1,hstripe_score_BSE,covariate,0.3173387097,0.07646176912,0.174769758,0.9960758564,45629944e398,0517998,31,True,"stated by Polaron, not image-verified",unreviewed
embedding PC 1,nm_per_px_if_tag_true,covariate,0.3402170469,0.05847076462,0.143928036,0.9435282359,45629944e398,0517998,31,True,"stated by Polaron, not image-verified",unreviewed
embedding PC 1,noise_sigma_BSE,covariate,-0.622970685,0.0004997501249,0.007996001999,0.038647343,45629944e398,0517998,31,True,"stated by Polaron, not image-verified",unreviewed
embedding PC 1,sharpness_BSE,covariate,-0.6310483871,0.0009995002499,0.007996001999,0.06183574879,45629944e398,0517998,31,True,"stated by Polaron, not image-verified",unreviewed
embedding PC 1,c0_cracklike_frac,kpi,0.07620967742,0.6756621689,0.8118607363,0.9960758564,45629944e398,0517998,31,True,"stated by Polaron, not image-verified",unreviewed
embedding PC 1,c0_region_area_mean_px,kpi,0.4870967742,0.01099450275,0.05863734799,0.408115942,45629944e398,0517998,31,True,"stated by Polaron, not image-verified",unreviewed
embedding PC 1,c0_region_eqdiam_median_px,kpi,0.5822580645,0.001499250375,0.009595202399,0.08184143223,45629944e398,0517998,31,True,"stated by Polaron, not image-verified",unreviewed
embedding PC 1,c1_flake_aspect_median,kpi,-0.3907258065,0.04097951024,0.1192131207,0.8091273512,45629944e398,0517998,31,True,"stated by Polaron, not image-verified",unreviewed
embedding PC 1,c1_flake_eqdiam_median_px,kpi,0.1411290323,0.4372813593,0.6083914564,0.9960758564,45629944e398,0517998,31,True,"stated by Polaron, not image-verified",unreviewed
embedding PC 1,c1_largest_component_frac,kpi,-0.07217741935,0.6946526737,0.8118607363,0.9960758564,45629944e398,0517998,31,True,"stated by Polaron, not image-verified",unreviewed
embedding PC 1,c2_count_density_per_Mpx,kpi,-0.2435483871,0.1784107946,0.3004813383,0.9960758564,45629944e398,0517998,31,True,"stated by Polaron, not image-verified",unreviewed
embedding PC 1,c2_eqdiam_median_px,kpi,-0.2084677419,0.2668665667,0.3881695516,0.9960758564,45629944e398,0517998,31,True,"stated by Polaron, not image-verified",unreviewed
embedding PC 1,c2_eqdiam_p90_px,kpi,0.3834677419,0.04097951024,0.1192131207,0.8091273512,45629944e398,0517998,31,True,"stated by Polaron, not image-verified",unreviewed
embedding PC 1,c2_tpc_length_px,kpi,0.05282258065,0.7611194403,0.8118607363,0.9960758564,45629944e398,0517998,31,True,"stated by Polaron, not image-verified",unreviewed
embedding PC 1,frac_c0,kpi,0.7165322581,0.0004997501249,0.007996001999,0.038647343,45629944e398,0517998,31,True,"stated by Polaron, not image-verified",unreviewed
embedding PC 1,frac_c1,kpi,-0.3137096774,0.08595702149,0.1833749792,0.9960758564,45629944e398,0517998,31,True,"stated by Polaron, not image-verified",unreviewed
embedding PC 1,frac_c2,kpi,-0.05846774194,0.7476261869,0.8118607363,0.9960758564,45629944e398,0517998,31,True,"stated by Polaron, not image-verified",unreviewed
embedding PC 1,F01_c0_area_fraction,measurement,0.622983871,0.0009995002499,0.007996001999,0.06183574879,45629944e398,0517998,31,True,"stated by Polaron, not image-verified",unreviewed
embedding PC 1,F02_c2_area_fraction,measurement,-0.08709677419,0.6526736632,0.8118607363,0.9960758564,45629944e398,0517998,31,True,"stated by Polaron, not image-verified",unreviewed
embedding PC 1,F03_c2_eqdiam_median_px,measurement,0.04339203418,0.8100949525,0.8362270478,0.9960758564,45629944e398,0517998,31,True,"stated by Polaron, not image-verified",unreviewed
embedding PC 1,F04_c2_eqdiam_p90_px,measurement,0.3907258065,0.03248375812,0.1192131207,0.8091273512,45629944e398,0517998,31,True,"stated by Polaron, not image-verified",unreviewed
embedding PC 1,F05_c2_count_density_per_Mpx,measurement,-0.2399193548,0.1909045477,0.3054472764,0.9960758564,45629944e398,0517998,31,True,"stated by Polaron, not image-verified",unreviewed
embedding PC 1,F06_c2_clark_evans_R,measurement,-0.06572580645,0.7231384308,0.8118607363,0.9960758564,45629944e398,0517998,31,True,"stated by Polaron, not image-verified",unreviewed
embedding PC 1,F07_c2_solidity_area_weighted_median,measurement,0.02661290323,0.8915542229,0.8915542229,0.9960758564,45629944e398,0517998,31,True,"stated by Polaron, not image-verified",unreviewed
embedding PC 1,F08_c0_local_thickness_median_px,measurement,0.3813074332,0.03898050975,0.1192131207,0.8091273512,45629944e398,0517998,31,True,"stated by Polaron, not image-verified",unreviewed
embedding PC 1,F09_c0_chord_anisotropy_h_over_v,measurement,0.2862903226,0.1164417791,0.2328835582,0.9960758564,45629944e398,0517998,31,True,"stated by Polaron, not image-verified",unreviewed
embedding PC 1,F10_c0_fraction_iqr_512px,measurement,0.2774193548,0.1354322839,0.2549313579,0.9960758564,45629944e398,0517998,31,True,"stated by Polaron, not image-verified",unreviewed
embedding PC 1,F11_c2_perimeter_fraction_adjacent_c0,measurement,-0.2512096774,0.1714142929,0.3004813383,0.9960758564,45629944e398,0517998,31,True,"stated by Polaron, not image-verified",unreviewed
embedding PC 2,curtaining_score_BSE,covariate,0.1044354839,0.5902048976,0.7459496058,0.9960758564,45629944e398,0517998,31,True,"stated by Polaron, not image-verified",unreviewed
embedding PC 2,edge_charging_BSE,covariate,-0.1935483871,0.2943528236,0.6279526903,0.9960758564,45629944e398,0517998,31,True,"stated by Polaron, not image-verified",unreviewed
embedding PC 2,edge_charging_Inlens,covariate,0.2225806452,0.2223888056,0.5871350039,0.9960758564,45629944e398,0517998,31,True,"stated by Polaron, not image-verified",unreviewed
embedding PC 2,height,covariate,-0.4968666568,0.004997501249,0.05330667999,0.22084196,45629944e398,0517998,31,True,"stated by Polaron, not image-verified",unreviewed
embedding PC 2,hstripe_score_BSE,covariate,0.6516129032,0.0004997501249,0.015992004,0.038647343,45629944e398,0517998,31,True,"stated by Polaron, not image-verified",unreviewed
embedding PC 2,nm_per_px_if_tag_true,covariate,0.06577664499,0.7226386807,0.7459496058,0.9960758564,45629944e398,0517998,31,True,"stated by Polaron, not image-verified",unreviewed
embedding PC 2,noise_sigma_BSE,covariate,-0.4577997588,0.009495252374,0.06853715999,0.3831127914,45629944e398,0517998,31,True,"stated by Polaron, not image-verified",unreviewed
embedding PC 2,sharpness_BSE,covariate,-0.439516129,0.01449275362,0.06853715999,0.4968944099,45629944e398,0517998,31,True,"stated by Polaron, not image-verified",unreviewed
embedding PC 2,c0_cracklike_frac,kpi,0.4455645161,0.01499250375,0.06853715999,0.4968944099,45629944e398,0517998,31,True,"stated by Polaron, not image-verified",unreviewed
embedding PC 2,c0_region_area_mean_px,kpi,-0.1189516129,0.5197401299,0.7459496058,0.9960758564,45629944e398,0517998,31,True,"stated by Polaron, not image-verified",unreviewed
embedding PC 2,c0_region_eqdiam_median_px,kpi,0.3161290323,0.08045977011,0.3218390805,0.9960758564,45629944e398,0517998,31,True,"stated by Polaron, not image-verified",unreviewed
embedding PC 2,c1_flake_aspect_median,kpi,-0.2129032258,0.2568715642,0.5871350039,0.9960758564,45629944e398,0517998,31,True,"stated by Polaron, not image-verified",unreviewed
embedding PC 2,c1_flake_eqdiam_median_px,kpi,0.07137096774,0.7021489255,0.7459496058,0.9960758564,45629944e398,0517998,31,True,"stated by Polaron, not image-verified",unreviewed
embedding PC 2,c1_largest_component_frac,kpi,0.6120967742,0.001499250375,0.023988006,0.08184143223,45629944e398,0517998,31,True,"stated by Polaron, not image-verified",unreviewed
embedding PC 2,c2_count_density_per_Mpx,kpi,0.147983871,0.4387806097,0.7459496058,0.9960758564,45629944e398,0517998,31,True,"stated by Polaron, not image-verified",unreviewed
embedding PC 2,c2_eqdiam_median_px,kpi,-0.1036290323,0.6106946527,0.7459496058,0.9960758564,45629944e398,0517998,31,True,"stated by Polaron, not image-verified",unreviewed
embedding PC 2,c2_eqdiam_p90_px,kpi,-0.06088709677,0.7496251874,0.7496251874,0.9960758564,45629944e398,0517998,31,True,"stated by Polaron, not image-verified",unreviewed
embedding PC 2,c2_tpc_length_px,kpi,-0.1153225806,0.5402298851,0.7459496058,0.9960758564,45629944e398,0517998,31,True,"stated by Polaron, not image-verified",unreviewed
embedding PC 2,frac_c0,kpi,-0.1536290323,0.4152923538,0.7459496058,0.9960758564,45629944e398,0517998,31,True,"stated by Polaron, not image-verified",unreviewed
embedding PC 2,frac_c1,kpi,0.2282258065,0.2253873063,0.5871350039,0.9960758564,45629944e398,0517998,31,True,"stated by Polaron, not image-verified",unreviewed
embedding PC 2,frac_c2,kpi,-0.08709677419,0.6436781609,0.7459496058,0.9960758564,45629944e398,0517998,31,True,"stated by Polaron, not image-verified",unreviewed
embedding PC 2,F01_c0_area_fraction,measurement,-0.07258064516,0.6986506747,0.7459496058,0.9960758564,45629944e398,0517998,31,True,"stated by Polaron, not image-verified",unreviewed
embedding PC 2,F02_c2_area_fraction,measurement,-0.07379032258,0.6966516742,0.7459496058,0.9960758564,45629944e398,0517998,31,True,"stated by Polaron, not image-verified",unreviewed
embedding PC 2,F03_c2_eqdiam_median_px,measurement,0.2122746461,0.255872064,0.5871350039,0.9960758564,45629944e398,0517998,31,True,"stated by Polaron, not image-verified",unreviewed
embedding PC 2,F04_c2_eqdiam_p90_px,measurement,0.07701612903,0.6856571714,0.7459496058,0.9960758564,45629944e398,0517998,31,True,"stated by Polaron, not image-verified",unreviewed
embedding PC 2,F05_c2_count_density_per_Mpx,measurement,0.2290322581,0.2168915542,0.5871350039,0.9960758564,45629944e398,0517998,31,True,"stated by Polaron, not image-verified",unreviewed
embedding PC 2,F06_c2_clark_evans_R,measurement,0.08548387097,0.6511744128,0.7459496058,0.9960758564,45629944e398,0517998,31,True,"stated by Polaron, not image-verified",unreviewed
embedding PC 2,F07_c2_solidity_area_weighted_median,measurement,-0.1096774194,0.5662168916,0.7459496058,0.9960758564,45629944e398,0517998,31,True,"stated by Polaron, not image-verified",unreviewed
embedding PC 2,F08_c0_local_thickness_median_px,measurement,-0.2506685527,0.187906047,0.5871350039,0.9960758564,45629944e398,0517998,31,True,"stated by Polaron, not image-verified",unreviewed
embedding PC 2,F09_c0_chord_anisotropy_h_over_v,measurement,0.1415322581,0.4502748626,0.7459496058,0.9960758564,45629944e398,0517998,31,True,"stated by Polaron, not image-verified",unreviewed
embedding PC 2,F10_c0_fraction_iqr_512px,measurement,-0.1245967742,0.5202398801,0.7459496058,0.9960758564,45629944e398,0517998,31,True,"stated by Polaron, not image-verified",unreviewed
embedding PC 2,F11_c2_perimeter_fraction_adjacent_c0,measurement,-0.4879032258,0.01099450275,0.06853715999,0.408115942,45629944e398,0517998,31,True,"stated by Polaron, not image-verified",unreviewed
embedding PC 3,curtaining_score_BSE,covariate,0.5241935484,0.00299850075,0.008722911272,0.1464530892,45629944e398,0517998,31,True,"stated by Polaron, not image-verified",unreviewed
embedding PC 3,edge_charging_BSE,covariate,0.1463709677,0.4297851074,0.5979618886,0.9960758564,45629944e398,0517998,31,True,"stated by Polaron, not image-verified",unreviewed
embedding PC 3,edge_charging_Inlens,covariate,0.4608870968,0.01349325337,0.035982009,0.4816053512,45629944e398,0517998,31,True,"stated by Polaron, not image-verified",unreviewed
embedding PC 3,height,covariate,-0.04614484633,0.8190904548,0.9038239501,0.9960758564,45629944e398,0517998,31,True,"stated by Polaron, not image-verified",unreviewed
embedding PC 3,hstripe_score_BSE,covariate,0.06129032258,0.7451274363,0.8658527879,0.9960758564,45629944e398,0517998,31,True,"stated by Polaron, not image-verified",unreviewed
embedding PC 3,nm_per_px_if_tag_true,covariate,0.2873933412,0.1004497751,0.178577378,0.9960758564,45629944e398,0517998,31,True,"stated by Polaron, not image-verified",unreviewed
embedding PC 3,noise_sigma_BSE,covariate,-0.3698699373,0.027986007,0.05970348159,0.7638533674,45629944e398,0517998,31,True,"stated by Polaron, not image-verified",unreviewed
embedding PC 3,sharpness_BSE,covariate,-0.3661290323,0.04647676162,0.08748566893,0.8294314381,45629944e398,0517998,31,True,"stated by Polaron, not image-verified",unreviewed
embedding PC 3,c0_cracklike_frac,kpi,-0.08870967742,0.6406796602,0.820069965,0.9960758564,45629944e398,0517998,31,True,"stated by Polaron, not image-verified",unreviewed
embedding PC 3,c0_region_area_mean_px,kpi,-0.2951612903,0.1099450275,0.1851705726,0.9960758564,45629944e398,0517998,31,True,"stated by Polaron, not image-verified",unreviewed
embedding PC 3,c0_region_eqdiam_median_px,kpi,0.1282258065,0.5157421289,0.6876561719,0.9960758564,45629944e398,0517998,31,True,"stated by Polaron, not image-verified",unreviewed
embedding PC 3,c1_flake_aspect_median,kpi,0.4129032258,0.01849075462,0.04226458199,0.5719806763,45629944e398,0517998,31,True,"stated by Polaron, not image-verified",unreviewed
embedding PC 3,c1_flake_eqdiam_median_px,kpi,-0.6689516129,0.0009995002499,0.003553778666,0.06183574879,45629944e398,0517998,31,True,"stated by Polaron, not image-verified",unreviewed
embedding PC 3,c1_largest_component_frac,kpi,-0.0185483871,0.9180409795,0.9675162419,0.9960758564,45629944e398,0517998,31,True,"stated by Polaron, not image-verified",unreviewed
embedding PC 3,c2_count_density_per_Mpx,kpi,0.8181451613,0.0004997501249,0.0019990005,0.038647343,45629944e398,0517998,31,True,"stated by Polaron, not image-verified",unreviewed
embedding PC 3,c2_eqdiam_median_px,kpi,-0.5334677419,0.0019990005,0.006396801599,0.1030595813,45629944e398,0517998,31,True,"stated by Polaron, not image-verified",unreviewed
embedding PC 3,c2_eqdiam_p90_px,kpi,-0.6737903226,0.0004997501249,0.0019990005,0.038647343,45629944e398,0517998,31,True,"stated by Polaron, not image-verified",unreviewed
embedding PC 3,c2_tpc_length_px,kpi,-0.3705645161,0.03898050975,0.07796101949,0.8091273512,45629944e398,0517998,31,True,"stated by Polaron, not image-verified",unreviewed
embedding PC 3,frac_c0,kpi,0.01008064516,0.96001999,0.9675162419,0.9960758564,45629944e398,0517998,31,True,"stated by Polaron, not image-verified",unreviewed
embedding PC 3,frac_c1,kpi,-0.6350806452,0.0004997501249,0.0019990005,0.038647343,45629944e398,0517998,31,True,"stated by Polaron, not image-verified",unreviewed
embedding PC 3,frac_c2,kpi,0.5947580645,0.0004997501249,0.0019990005,0.038647343,45629944e398,0517998,31,True,"stated by Polaron, not image-verified",unreviewed
embedding PC 3,F01_c0_area_fraction,measurement,-0.00685483871,0.9675162419,0.9675162419,0.9960758564,45629944e398,0517998,31,True,"stated by Polaron, not image-verified",unreviewed
embedding PC 3,F02_c2_area_fraction,measurement,0.6338709677,0.0004997501249,0.0019990005,0.038647343,45629944e398,0517998,31,True,"stated by Polaron, not image-verified",unreviewed
embedding PC 3,F03_c2_eqdiam_median_px,measurement,0.1790685354,0.3373313343,0.5140286999,0.9960758564,45629944e398,0517998,31,True,"stated by Polaron, not image-verified",unreviewed
embedding PC 3,F04_c2_eqdiam_p90_px,measurement,-0.4189516129,0.01699150425,0.04182524123,0.5437281359,45629944e398,0517998,31,True,"stated by Polaron, not image-verified",unreviewed
embedding PC 3,F05_c2_count_density_per_Mpx,measurement,0.810483871,0.0004997501249,0.0019990005,0.038647343,45629944e398,0517998,31,True,"stated by Polaron, not image-verified",unreviewed
embedding PC 3,F06_c2_clark_evans_R,measurement,0.7754032258,0.0004997501249,0.0019990005,0.038647343,45629944e398,0517998,31,True,"stated by Polaron, not image-verified",unreviewed
embedding PC 3,F07_c2_solidity_area_weighted_median,measurement,-0.6064516129,0.0004997501249,0.0019990005,0.038647343,45629944e398,0517998,31,True,"stated by Polaron, not image-verified",unreviewed
embedding PC 3,F08_c0_local_thickness_median_px,measurement,0.05949477681,0.7576211894,0.8658527879,0.9960758564,45629944e398,0517998,31,True,"stated by Polaron, not image-verified",unreviewed
embedding PC 3,F09_c0_chord_anisotropy_h_over_v,measurement,-0.1536290323,0.4142928536,0.5979618886,0.9960758564,45629944e398,0517998,31,True,"stated by Polaron, not image-verified",unreviewed
embedding PC 3,F10_c0_fraction_iqr_512px,measurement,0.07620967742,0.6831584208,0.840810364,0.9960758564,45629944e398,0517998,31,True,"stated by Polaron, not image-verified",unreviewed
embedding PC 3,F11_c2_perimeter_fraction_adjacent_c0,measurement,0.2088709677,0.2693653173,0.4309845077,0.9960758564,45629944e398,0517998,31,True,"stated by Polaron, not image-verified",unreviewed
embedding PC 4,curtaining_score_BSE,covariate,0.02943548387,0.8615692154,0.9590043688,0.9960758564,45629944e398,0517998,31,True,"stated by Polaron, not image-verified",unreviewed
embedding PC 4,edge_charging_BSE,covariate,-0.1439516129,0.4192903548,0.9590043688,0.9960758564,45629944e398,0517998,31,True,"stated by Polaron, not image-verified",unreviewed
embedding PC 4,edge_charging_Inlens,covariate,-0.1375,0.4607696152,0.9590043688,0.9960758564,45629944e398,0517998,31,True,"stated by Polaron, not image-verified",unreviewed
embedding PC 4,height,covariate,0.1313509003,0.4977511244,0.9590043688,0.9960758564,45629944e398,0517998,31,True,"stated by Polaron, not image-verified",unreviewed
embedding PC 4,hstripe_score_BSE,covariate,0.01411290323,0.9290354823,0.9590043688,0.9960758564,45629944e398,0517998,31,True,"stated by Polaron, not image-verified",unreviewed
embedding PC 4,nm_per_px_if_tag_true,covariate,-0.03987076635,0.8405797101,0.9590043688,0.9960758564,45629944e398,0517998,31,True,"stated by Polaron, not image-verified",unreviewed
embedding PC 4,noise_sigma_BSE,covariate,0.1135424071,0.5387306347,0.9590043688,0.9960758564,45629944e398,0517998,31,True,"stated by Polaron, not image-verified",unreviewed
embedding PC 4,sharpness_BSE,covariate,0.1209677419,0.5252373813,0.9590043688,0.9960758564,45629944e398,0517998,31,True,"stated by Polaron, not image-verified",unreviewed
embedding PC 4,c0_cracklike_frac,kpi,-0.1310483871,0.4642678661,0.9590043688,0.9960758564,45629944e398,0517998,31,True,"stated by Polaron, not image-verified",unreviewed
embedding PC 4,c0_region_area_mean_px,kpi,0.222983871,0.2383808096,0.9590043688,0.9960758564,45629944e398,0517998,31,True,"stated by Polaron, not image-verified",unreviewed
embedding PC 4,c0_region_eqdiam_median_px,kpi,-0.2024193548,0.2818590705,0.9590043688,0.9960758564,45629944e398,0517998,31,True,"stated by Polaron, not image-verified",unreviewed
embedding PC 4,c1_flake_aspect_median,kpi,0.02338709677,0.9045477261,0.9590043688,0.9960758564,45629944e398,0517998,31,True,"stated by Polaron, not image-verified",unreviewed
embedding PC 4,c1_flake_eqdiam_median_px,kpi,0.004032258065,0.9835082459,0.9835082459,0.9960758564,45629944e398,0517998,31,True,"stated by Polaron, not image-verified",unreviewed
embedding PC 4,c1_largest_component_frac,kpi,-0.02862903226,0.8730634683,0.9590043688,0.9960758564,45629944e398,0517998,31,True,"stated by Polaron, not image-verified",unreviewed
embedding PC 4,c2_count_density_per_Mpx,kpi,-0.09193548387,0.6326836582,0.9590043688,0.9960758564,45629944e398,0517998,31,True,"stated by Polaron, not image-verified",unreviewed
embedding PC 4,c2_eqdiam_median_px,kpi,-0.1629032258,0.3948025987,0.9590043688,0.9960758564,45629944e398,0517998,31,True,"stated by Polaron, not image-verified",unreviewed
embedding PC 4,c2_eqdiam_p90_px,kpi,0.02338709677,0.9055472264,0.9590043688,0.9960758564,45629944e398,0517998,31,True,"stated by Polaron, not image-verified",unreviewed
embedding PC 4,c2_tpc_length_px,kpi,0.1887096774,0.3143428286,0.9590043688,0.9960758564,45629944e398,0517998,31,True,"stated by Polaron, not image-verified",unreviewed
embedding PC 4,frac_c0,kpi,0.2560483871,0.1584207896,0.9590043688,0.9960758564,45629944e398,0517998,31,True,"stated by Polaron, not image-verified",unreviewed
embedding PC 4,frac_c1,kpi,-0.07298387097,0.6931534233,0.9590043688,0.9960758564,45629944e398,0517998,31,True,"stated by Polaron, not image-verified",unreviewed
embedding PC 4,frac_c2,kpi,-0.07338709677,0.700149925,0.9590043688,0.9960758564,45629944e398,0517998,31,True,"stated by Polaron, not image-verified",unreviewed
embedding PC 4,F01_c0_area_fraction,measurement,0.3629032258,0.05247376312,0.8369148759,0.9017713366,45629944e398,0517998,31,True,"stated by Polaron, not image-verified",unreviewed
embedding PC 4,F02_c2_area_fraction,measurement,0.03467741935,0.8685657171,0.9590043688,0.9960758564,45629944e398,0517998,31,True,"stated by Polaron, not image-verified",unreviewed
embedding PC 4,F03_c2_eqdiam_median_px,measurement,-0.3149487551,0.07846076962,0.8369148759,0.9960758564,45629944e398,0517998,31,True,"stated by Polaron, not image-verified",unreviewed
embedding PC 4,F04_c2_eqdiam_p90_px,measurement,-0.1342741935,0.4687656172,0.9590043688,0.9960758564,45629944e398,0517998,31,True,"stated by Polaron, not image-verified",unreviewed
embedding PC 4,F05_c2_count_density_per_Mpx,measurement,-0.1096774194,0.5467266367,0.9590043688,0.9960758564,45629944e398,0517998,31,True,"stated by Polaron, not image-verified",unreviewed
embedding PC 4,F06_c2_clark_evans_R,measurement,-0.09233870968,0.6236881559,0.9590043688,0.9960758564,45629944e398,0517998,31,True,"stated by Polaron, not image-verified",unreviewed
embedding PC 4,F07_c2_solidity_area_weighted_median,measurement,0.06370967742,0.7306346827,0.9590043688,0.9960758564,45629944e398,0517998,31,True,"stated by Polaron, not image-verified",unreviewed
embedding PC 4,F08_c0_local_thickness_median_px,measurement,0.2791677989,0.1379310345,0.9590043688,0.9960758564,45629944e398,0517998,31,True,"stated by Polaron, not image-verified",unreviewed
embedding PC 4,F09_c0_chord_anisotropy_h_over_v,measurement,-0.01411290323,0.9265367316,0.9590043688,0.9960758564,45629944e398,0517998,31,True,"stated by Polaron, not image-verified",unreviewed
embedding PC 4,F10_c0_fraction_iqr_512px,measurement,0.5056451613,0.005997001499,0.191904048,0.2529644269,45629944e398,0517998,31,True,"stated by Polaron, not image-verified",unreviewed
embedding PC 4,F11_c2_perimeter_fraction_adjacent_c0,measurement,0.1653225806,0.3748125937,0.9590043688,0.9960758564,45629944e398,0517998,31,True,"stated by Polaron, not image-verified",unreviewed
embedding PC 5,curtaining_score_BSE,covariate,-0.09637096774,0.620189905,0.8678327503,0.9960758564,45629944e398,0517998,31,True,"stated by Polaron, not image-verified",unreviewed
embedding PC 5,edge_charging_BSE,covariate,0.2209677419,0.2218890555,0.8678327503,0.9960758564,45629944e398,0517998,31,True,"stated by Polaron, not image-verified",unreviewed
embedding PC 5,edge_charging_Inlens,covariate,0.0564516129,0.7846076962,0.8678327503,0.9960758564,45629944e398,0517998,31,True,"stated by Polaron, not image-verified",unreviewed
embedding PC 5,height,covariate,-0.05687149921,0.7581209395,0.8678327503,0.9960758564,45629944e398,0517998,31,True,"stated by Polaron, not image-verified",unreviewed
embedding PC 5,hstripe_score_BSE,covariate,-0.1862903226,0.3048475762,0.8678327503,0.9960758564,45629944e398,0517998,31,True,"stated by Polaron, not image-verified",unreviewed
embedding PC 5,nm_per_px_if_tag_true,covariate,0.2572372793,0.1634182909,0.8678327503,0.9960758564,45629944e398,0517998,31,True,"stated by Polaron, not image-verified",unreviewed
embedding PC 5,noise_sigma_BSE,covariate,0.3113845055,0.08795602199,0.7036481759,0.9960758564,45629944e398,0517998,31,True,"stated by Polaron, not image-verified",unreviewed
embedding PC 5,sharpness_BSE,covariate,0.3282258065,0.06896551724,0.7036481759,0.9960758564,45629944e398,0517998,31,True,"stated by Polaron, not image-verified",unreviewed
embedding PC 5,c0_cracklike_frac,kpi,-0.06935483871,0.7106446777,0.8678327503,0.9960758564,45629944e398,0517998,31,True,"stated by Polaron, not image-verified",unreviewed
embedding PC 5,c0_region_area_mean_px,kpi,0.1762096774,0.3448275862,0.8678327503,0.9960758564,45629944e398,0517998,31,True,"stated by Polaron, not image-verified",unreviewed
embedding PC 5,c0_region_eqdiam_median_px,kpi,-0.06088709677,0.7446276862,0.8678327503,0.9960758564,45629944e398,0517998,31,True,"stated by Polaron, not image-verified",unreviewed
embedding PC 5,c1_flake_aspect_median,kpi,-0.3629032258,0.05397301349,0.7036481759,0.9106719368,45629944e398,0517998,31,True,"stated by Polaron, not image-verified",unreviewed
embedding PC 5,c1_flake_eqdiam_median_px,kpi,0.1419354839,0.4277861069,0.8678327503,0.9960758564,45629944e398,0517998,31,True,"stated by Polaron, not image-verified",unreviewed
embedding PC 5,c1_largest_component_frac,kpi,-0.05524193548,0.780109945,0.8678327503,0.9960758564,45629944e398,0517998,31,True,"stated by Polaron, not image-verified",unreviewed
embedding PC 5,c2_count_density_per_Mpx,kpi,0.0435483871,0.8135932034,0.8678327503,0.9960758564,45629944e398,0517998,31,True,"stated by Polaron, not image-verified",unreviewed
embedding PC 5,c2_eqdiam_median_px,kpi,-0.2358870968,0.19990005,0.8678327503,0.9960758564,45629944e398,0517998,31,True,"stated by Polaron, not image-verified",unreviewed
embedding PC 5,c2_eqdiam_p90_px,kpi,-0.09233870968,0.5997001499,0.8678327503,0.9960758564,45629944e398,0517998,31,True,"stated by Polaron, not image-verified",unreviewed
embedding PC 5,c2_tpc_length_px,kpi,0.1592741935,0.4092953523,0.8678327503,0.9960758564,45629944e398,0517998,31,True,"stated by Polaron, not image-verified",unreviewed
embedding PC 5,frac_c0,kpi,0.1298387097,0.4892553723,0.8678327503,0.9960758564,45629944e398,0517998,31,True,"stated by Polaron, not image-verified",unreviewed
embedding PC 5,frac_c1,kpi,-0.1487903226,0.4237881059,0.8678327503,0.9960758564,45629944e398,0517998,31,True,"stated by Polaron, not image-verified",unreviewed
embedding PC 5,frac_c2,kpi,-0.0004032258065,0.9980009995,0.9980009995,0.9980009995,45629944e398,0517998,31,True,"stated by Polaron, not image-verified",unreviewed
embedding PC 5,F01_c0_area_fraction,measurement,0.09798387097,0.6156921539,0.8678327503,0.9960758564,45629944e398,0517998,31,True,"stated by Polaron, not image-verified",unreviewed
embedding PC 5,F02_c2_area_fraction,measurement,-0.006048387097,0.972013993,0.9980009995,0.9960758564,45629944e398,0517998,31,True,"stated by Polaron, not image-verified",unreviewed
embedding PC 5,F03_c2_eqdiam_median_px,measurement,0.05235564688,0.7776111944,0.8678327503,0.9960758564,45629944e398,0517998,31,True,"stated by Polaron, not image-verified",unreviewed
embedding PC 5,F04_c2_eqdiam_p90_px,measurement,-0.1266129032,0.5162418791,0.8678327503,0.9960758564,45629944e398,0517998,31,True,"stated by Polaron, not image-verified",unreviewed
embedding PC 5,F05_c2_count_density_per_Mpx,measurement,0.0685483871,0.7141429285,0.8678327503,0.9960758564,45629944e398,0517998,31,True,"stated by Polaron, not image-verified",unreviewed
embedding PC 5,F06_c2_clark_evans_R,measurement,0.1080645161,0.5582208896,0.8678327503,0.9960758564,45629944e398,0517998,31,True,"stated by Polaron, not image-verified",unreviewed
embedding PC 5,F07_c2_solidity_area_weighted_median,measurement,-0.04677419355,0.8020989505,0.8678327503,0.9960758564,45629944e398,0517998,31,True,"stated by Polaron, not image-verified",unreviewed
embedding PC 5,F08_c0_local_thickness_median_px,measurement,0.2648141639,0.1379310345,0.8678327503,0.9960758564,45629944e398,0517998,31,True,"stated by Polaron, not image-verified",unreviewed
embedding PC 5,F09_c0_chord_anisotropy_h_over_v,measurement,-0.07943548387,0.6871564218,0.8678327503,0.9960758564,45629944e398,0517998,31,True,"stated by Polaron, not image-verified",unreviewed
embedding PC 5,F10_c0_fraction_iqr_512px,measurement,0.1681451613,0.3568215892,0.8678327503,0.9960758564,45629944e398,0517998,31,True,"stated by Polaron, not image-verified",unreviewed
embedding PC 5,F11_c2_perimeter_fraction_adjacent_c0,measurement,-0.4052419355,0.02448775612,0.7036481759,0.7101449275,45629944e398,0517998,31,True,"stated by Polaron, not image-verified",unreviewed
embedding PC 6,curtaining_score_BSE,covariate,-0.03669354839,0.8410794603,0.9945027486,0.9960758564,45629944e398,0517998,31,True,"stated by Polaron, not image-verified",unreviewed
embedding PC 6,edge_charging_BSE,covariate,-0.272983871,0.1394302849,0.9945027486,0.9960758564,45629944e398,0517998,31,True,"stated by Polaron, not image-verified",unreviewed
embedding PC 6,edge_charging_Inlens,covariate,-0.02298387097,0.9010494753,0.9945027486,0.9960758564,45629944e398,0517998,31,True,"stated by Polaron, not image-verified",unreviewed
embedding PC 6,height,covariate,-0.3404194365,0.06096951524,0.6503414959,0.9507246377,45629944e398,0517998,31,True,"stated by Polaron, not image-verified",unreviewed
embedding PC 6,hstripe_score_BSE,covariate,-0.2330645161,0.1939030485,0.9945027486,0.9960758564,45629944e398,0517998,31,True,"stated by Polaron, not image-verified",unreviewed
embedding PC 6,nm_per_px_if_tag_true,covariate,-0.7346745271,0.0004997501249,0.015992004,0.038647343,45629944e398,0517998,31,True,"stated by Polaron, not image-verified",unreviewed
embedding PC 6,noise_sigma_BSE,covariate,-0.02581425953,0.8785607196,0.9945027486,0.9960758564,45629944e398,0517998,31,True,"stated by Polaron, not image-verified",unreviewed
embedding PC 6,sharpness_BSE,covariate,0.01330645161,0.9420289855,0.9945027486,0.9960758564,45629944e398,0517998,31,True,"stated by Polaron, not image-verified",unreviewed
embedding PC 6,c0_cracklike_frac,kpi,0.07177419355,0.7051474263,0.9945027486,0.9960758564,45629944e398,0517998,31,True,"stated by Polaron, not image-verified",unreviewed
embedding PC 6,c0_region_area_mean_px,kpi,0.01612903226,0.936031984,0.9945027486,0.9960758564,45629944e398,0517998,31,True,"stated by Polaron, not image-verified",unreviewed
embedding PC 6,c0_region_eqdiam_median_px,kpi,0.0189516129,0.924037981,0.9945027486,0.9960758564,45629944e398,0517998,31,True,"stated by Polaron, not image-verified",unreviewed
embedding PC 6,c1_flake_aspect_median,kpi,0.3669354839,0.03648175912,0.5837081459,0.8091273512,45629944e398,0517998,31,True,"stated by Polaron, not image-verified",unreviewed
embedding PC 6,c1_flake_eqdiam_median_px,kpi,-0.189516129,0.295852074,0.9945027486,0.9960758564,45629944e398,0517998,31,True,"stated by Polaron, not image-verified",unreviewed
embedding PC 6,c1_largest_component_frac,kpi,-0.06290322581,0.7366316842,0.9945027486,0.9960758564,45629944e398,0517998,31,True,"stated by Polaron, not image-verified",unreviewed
embedding PC 6,c2_count_density_per_Mpx,kpi,0.002016129032,0.9900049975,0.9945027486,0.9960758564,45629944e398,0517998,31,True,"stated by Polaron, not image-verified",unreviewed
embedding PC 6,c2_eqdiam_median_px,kpi,0.210483871,0.2568715642,0.9945027486,0.9960758564,45629944e398,0517998,31,True,"stated by Polaron, not image-verified",unreviewed
embedding PC 6,c2_eqdiam_p90_px,kpi,-0.09879032258,0.5952023988,0.9945027486,0.9960758564,45629944e398,0517998,31,True,"stated by Polaron, not image-verified",unreviewed
embedding PC 6,c2_tpc_length_px,kpi,0.1028225806,0.5872063968,0.9945027486,0.9960758564,45629944e398,0517998,31,True,"stated by Polaron, not image-verified",unreviewed
embedding PC 6,frac_c0,kpi,0.06935483871,0.7071464268,0.9945027486,0.9960758564,45629944e398,0517998,31,True,"stated by Polaron, not image-verified",unreviewed
embedding PC 6,frac_c1,kpi,0.04314516129,0.8305847076,0.9945027486,0.9960758564,45629944e398,0517998,31,True,"stated by Polaron, not image-verified",unreviewed
embedding PC 6,frac_c2,kpi,-0.02540322581,0.892053973,0.9945027486,0.9960758564,45629944e398,0517998,31,True,"stated by Polaron, not image-verified",unreviewed
embedding PC 6,F01_c0_area_fraction,measurement,0.08911290323,0.6461769115,0.9945027486,0.9960758564,45629944e398,0517998,31,True,"stated by Polaron, not image-verified",unreviewed
embedding PC 6,F02_c2_area_fraction,measurement,-0.08306451613,0.6656671664,0.9945027486,0.9960758564,45629944e398,0517998,31,True,"stated by Polaron, not image-verified",unreviewed
embedding PC 6,F03_c2_eqdiam_median_px,measurement,0.257703865,0.1564217891,0.9945027486,0.9960758564,45629944e398,0517998,31,True,"stated by Polaron, not image-verified",unreviewed
embedding PC 6,F04_c2_eqdiam_p90_px,measurement,0.06209677419,0.740129935,0.9945027486,0.9960758564,45629944e398,0517998,31,True,"stated by Polaron, not image-verified",unreviewed
embedding PC 6,F05_c2_count_density_per_Mpx,measurement,-0.02137096774,0.9125437281,0.9945027486,0.9960758564,45629944e398,0517998,31,True,"stated by Polaron, not image-verified",unreviewed
embedding PC 6,F06_c2_clark_evans_R,measurement,0.001612903226,0.9945027486,0.9945027486,0.9960758564,45629944e398,0517998,31,True,"stated by Polaron, not image-verified",unreviewed
embedding PC 6,F07_c2_solidity_area_weighted_median,measurement,-0.07540322581,0.696151924,0.9945027486,0.9960758564,45629944e398,0517998,31,True,"stated by Polaron, not image-verified",unreviewed
embedding PC 6,F08_c0_local_thickness_median_px,measurement,-0.09194647326,0.6061969015,0.9945027486,0.9960758564,45629944e398,0517998,31,True,"stated by Polaron, not image-verified",unreviewed
embedding PC 6,F09_c0_chord_anisotropy_h_over_v,measurement,-0.1786290323,0.3213393303,0.9945027486,0.9960758564,45629944e398,0517998,31,True,"stated by Polaron, not image-verified",unreviewed
embedding PC 6,F10_c0_fraction_iqr_512px,measurement,0.139516129,0.4362818591,0.9945027486,0.9960758564,45629944e398,0517998,31,True,"stated by Polaron, not image-verified",unreviewed
embedding PC 6,F11_c2_perimeter_fraction_adjacent_c0,measurement,0.1302419355,0.4862568716,0.9945027486,0.9960758564,45629944e398,0517998,31,True,"stated by Polaron, not image-verified",unreviewed
embedding PC 7,curtaining_score_BSE,covariate,0.1963709677,0.2703648176,0.9830084958,0.9960758564,45629944e398,0517998,31,True,"stated by Polaron, not image-verified",unreviewed
embedding PC 7,edge_charging_BSE,covariate,0.2576612903,0.1649175412,0.9830084958,0.9960758564,45629944e398,0517998,31,True,"stated by Polaron, not image-verified",unreviewed
embedding PC 7,edge_charging_Inlens,covariate,-0.0935483871,0.6106946527,0.9830084958,0.9960758564,45629944e398,0517998,31,True,"stated by Polaron, not image-verified",unreviewed
embedding PC 7,height,covariate,-0.04837113278,0.8065967016,0.9830084958,0.9960758564,45629944e398,0517998,31,True,"stated by Polaron, not image-verified",unreviewed
embedding PC 7,hstripe_score_BSE,covariate,-0.2786290323,0.1314342829,0.9830084958,0.9960758564,45629944e398,0517998,31,True,"stated by Polaron, not image-verified",unreviewed
embedding PC 7,nm_per_px_if_tag_true,covariate,-0.2183784614,0.2338830585,0.9830084958,0.9960758564,45629944e398,0517998,31,True,"stated by Polaron, not image-verified",unreviewed
embedding PC 7,noise_sigma_BSE,covariate,0.004638499758,0.9830084958,0.9830084958,0.9960758564,45629944e398,0517998,31,True,"stated by Polaron, not image-verified",unreviewed
embedding PC 7,sharpness_BSE,covariate,0.008467741935,0.9655172414,0.9830084958,0.9960758564,45629944e398,0517998,31,True,"stated by Polaron, not image-verified",unreviewed
embedding PC 7,c0_cracklike_frac,kpi,0.1899193548,0.3133433283,0.9830084958,0.9960758564,45629944e398,0517998,31,True,"stated by Polaron, not image-verified",unreviewed
embedding PC 7,c0_region_area_mean_px,kpi,0.1544354839,0.4182908546,0.9830084958,0.9960758564,45629944e398,0517998,31,True,"stated by Polaron, not image-verified",unreviewed
embedding PC 7,c0_region_eqdiam_median_px,kpi,0.247983871,0.1854072964,0.9830084958,0.9960758564,45629944e398,0517998,31,True,"stated by Polaron, not image-verified",unreviewed
embedding PC 7,c1_flake_aspect_median,kpi,-0.2076612903,0.2588705647,0.9830084958,0.9960758564,45629944e398,0517998,31,True,"stated by Polaron, not image-verified",unreviewed
embedding PC 7,c1_flake_eqdiam_median_px,kpi,0.07177419355,0.7031484258,0.9830084958,0.9960758564,45629944e398,0517998,31,True,"stated by Polaron, not image-verified",unreviewed
embedding PC 7,c1_largest_component_frac,kpi,-0.08024193548,0.6536731634,0.9830084958,0.9960758564,45629944e398,0517998,31,True,"stated by Polaron, not image-verified",unreviewed
embedding PC 7,c2_count_density_per_Mpx,kpi,0.04919354839,0.7886056972,0.9830084958,0.9960758564,45629944e398,0517998,31,True,"stated by Polaron, not image-verified",unreviewed
embedding PC 7,c2_eqdiam_median_px,kpi,0.0314516129,0.8545727136,0.9830084958,0.9960758564,45629944e398,0517998,31,True,"stated by Polaron, not image-verified",unreviewed
embedding PC 7,c2_eqdiam_p90_px,kpi,-0.01612903226,0.928035982,0.9830084958,0.9960758564,45629944e398,0517998,31,True,"stated by Polaron, not image-verified",unreviewed
embedding PC 7,c2_tpc_length_px,kpi,-0.08790322581,0.6436781609,0.9830084958,0.9960758564,45629944e398,0517998,31,True,"stated by Polaron, not image-verified",unreviewed
embedding PC 7,frac_c0,kpi,0.08588709677,0.64017991,0.9830084958,0.9960758564,45629944e398,0517998,31,True,"stated by Polaron, not image-verified",unreviewed
embedding PC 7,frac_c1,kpi,-0.00685483871,0.9705147426,0.9830084958,0.9960758564,45629944e398,0517998,31,True,"stated by Polaron, not image-verified",unreviewed
embedding PC 7,frac_c2,kpi,0.008467741935,0.9610194903,0.9830084958,0.9960758564,45629944e398,0517998,31,True,"stated by Polaron, not image-verified",unreviewed
embedding PC 7,F01_c0_area_fraction,measurement,0.07177419355,0.704147926,0.9830084958,0.9960758564,45629944e398,0517998,31,True,"stated by Polaron, not image-verified",unreviewed
embedding PC 7,F02_c2_area_fraction,measurement,-0.03467741935,0.8545727136,0.9830084958,0.9960758564,45629944e398,0517998,31,True,"stated by Polaron, not image-verified",unreviewed
embedding PC 7,F03_c2_eqdiam_median_px,measurement,-0.0981923027,0.5952023988,0.9830084958,0.9960758564,45629944e398,0517998,31,True,"stated by Polaron, not image-verified",unreviewed
embedding PC 7,F04_c2_eqdiam_p90_px,measurement,0.1201612903,0.5122438781,0.9830084958,0.9960758564,45629944e398,0517998,31,True,"stated by Polaron, not image-verified",unreviewed
embedding PC 7,F05_c2_count_density_per_Mpx,measurement,-0.008064516129,0.9660169915,0.9830084958,0.9960758564,45629944e398,0517998,31,True,"stated by Polaron, not image-verified",unreviewed
embedding PC 7,F06_c2_clark_evans_R,measurement,-0.075,0.7051474263,0.9830084958,0.9960758564,45629944e398,0517998,31,True,"stated by Polaron, not image-verified",unreviewed
embedding PC 7,F07_c2_solidity_area_weighted_median,measurement,-0.08669354839,0.6431784108,0.9830084958,0.9960758564,45629944e398,0517998,31,True,"stated by Polaron, not image-verified",unreviewed
embedding PC 7,F08_c0_local_thickness_median_px,measurement,0.2402673679,0.1874062969,0.9830084958,0.9960758564,45629944e398,0517998,31,True,"stated by Polaron, not image-verified",unreviewed
embedding PC 7,F09_c0_chord_anisotropy_h_over_v,measurement,-0.5165322581,0.003998001,0.127936032,0.1855072464,45629944e398,0517998,31,True,"stated by Polaron, not image-verified",unreviewed
embedding PC 7,F10_c0_fraction_iqr_512px,measurement,0.09637096774,0.6196901549,0.9830084958,0.9960758564,45629944e398,0517998,31,True,"stated by Polaron, not image-verified",unreviewed
embedding PC 7,F11_c2_perimeter_fraction_adjacent_c0,measurement,-0.08991935484,0.6476761619,0.9830084958,0.9960758564,45629944e398,0517998,31,True,"stated by Polaron, not image-verified",unreviewed
embedding PC 8,curtaining_score_BSE,covariate,-0.2548387097,0.1804097951,0.8755622189,0.9960758564,45629944e398,0517998,31,True,"stated by Polaron, not image-verified",unreviewed
embedding PC 8,edge_charging_BSE,covariate,0.1939516129,0.2853573213,0.8755622189,0.9960758564,45629944e398,0517998,31,True,"stated by Polaron, not image-verified",unreviewed
embedding PC 8,edge_charging_Inlens,covariate,-0.0685483871,0.6946526737,0.8755622189,0.9960758564,45629944e398,0517998,31,True,"stated by Polaron, not image-verified",unreviewed
embedding PC 8,height,covariate,-0.1194099094,0.5337331334,0.8755622189,0.9960758564,45629944e398,0517998,31,True,"stated by Polaron, not image-verified",unreviewed
embedding PC 8,hstripe_score_BSE,covariate,-0.01693548387,0.92003998,0.9295352324,0.9960758564,45629944e398,0517998,31,True,"stated by Polaron, not image-verified",unreviewed
embedding PC 8,nm_per_px_if_tag_true,covariate,0.1955084279,0.287856072,0.8755622189,0.9960758564,45629944e398,0517998,31,True,"stated by Polaron, not image-verified",unreviewed
embedding PC 8,noise_sigma_BSE,covariate,0.1631541872,0.3863068466,0.8755622189,0.9960758564,45629944e398,0517998,31,True,"stated by Polaron, not image-verified",unreviewed
embedding PC 8,sharpness_BSE,covariate,0.1641129032,0.371814093,0.8755622189,0.9960758564,45629944e398,0517998,31,True,"stated by Polaron, not image-verified",unreviewed
embedding PC 8,c0_cracklike_frac,kpi,0.2358870968,0.1934032984,0.8755622189,0.9960758564,45629944e398,0517998,31,True,"stated by Polaron, not image-verified",unreviewed
embedding PC 8,c0_region_area_mean_px,kpi,0.0625,0.7376311844,0.8755622189,0.9960758564,45629944e398,0517998,31,True,"stated by Polaron, not image-verified",unreviewed
embedding PC 8,c0_region_eqdiam_median_px,kpi,0.02580645161,0.8895552224,0.9295352324,0.9960758564,45629944e398,0517998,31,True,"stated by Polaron, not image-verified",unreviewed
embedding PC 8,c1_flake_aspect_median,kpi,0.1830645161,0.303848076,0.8755622189,0.9960758564,45629944e398,0517998,31,True,"stated by Polaron, not image-verified",unreviewed
embedding PC 8,c1_flake_eqdiam_median_px,kpi,-0.1870967742,0.3028485757,0.8755622189,0.9960758564,45629944e398,0517998,31,True,"stated by Polaron, not image-verified",unreviewed
embedding PC 8,c1_largest_component_frac,kpi,0.09193548387,0.6071964018,0.8755622189,0.9960758564,45629944e398,0517998,31,True,"stated by Polaron, not image-verified",unreviewed
embedding PC 8,c2_count_density_per_Mpx,kpi,0.07903225806,0.6686656672,0.8755622189,0.9960758564,45629944e398,0517998,31,True,"stated by Polaron, not image-verified",unreviewed
embedding PC 8,c2_eqdiam_median_px,kpi,-0.3334677419,0.07596201899,0.8755622189,0.9960758564,45629944e398,0517998,31,True,"stated by Polaron, not image-verified",unreviewed
embedding PC 8,c2_eqdiam_p90_px,kpi,-0.1016129032,0.5767116442,0.8755622189,0.9960758564,45629944e398,0517998,31,True,"stated by Polaron, not image-verified",unreviewed
embedding PC 8,c2_tpc_length_px,kpi,0.09879032258,0.5952023988,0.8755622189,0.9960758564,45629944e398,0517998,31,True,"stated by Polaron, not image-verified",unreviewed
embedding PC 8,frac_c0,kpi,-0.08991935484,0.6306846577,0.8755622189,0.9960758564,45629944e398,0517998,31,True,"stated by Polaron, not image-verified",unreviewed
embedding PC 8,frac_c1,kpi,0.07177419355,0.700149925,0.8755622189,0.9960758564,45629944e398,0517998,31,True,"stated by Polaron, not image-verified",unreviewed
embedding PC 8,frac_c2,kpi,-0.06048387097,0.7616191904,0.8755622189,0.9960758564,45629944e398,0517998,31,True,"stated by Polaron, not image-verified",unreviewed
embedding PC 8,F01_c0_area_fraction,measurement,-0.1366935484,0.4622688656,0.8755622189,0.9960758564,45629944e398,0517998,31,True,"stated by Polaron, not image-verified",unreviewed
embedding PC 8,F02_c2_area_fraction,measurement,0.01733870968,0.9295352324,0.9295352324,0.9960758564,45629944e398,0517998,31,True,"stated by Polaron, not image-verified",unreviewed
embedding PC 8,F03_c2_eqdiam_median_px,measurement,-0.08841381613,0.6416791604,0.8755622189,0.9960758564,45629944e398,0517998,31,True,"stated by Polaron, not image-verified",unreviewed
embedding PC 8,F04_c2_eqdiam_p90_px,measurement,-0.2258064516,0.2153923038,0.8755622189,0.9960758564,45629944e398,0517998,31,True,"stated by Polaron, not image-verified",unreviewed
embedding PC 8,F05_c2_count_density_per_Mpx,measurement,0.1504032258,0.4117941029,0.8755622189,0.9960758564,45629944e398,0517998,31,True,"stated by Polaron, not image-verified",unreviewed
embedding PC 8,F06_c2_clark_evans_R,measurement,0.1705645161,0.3523238381,0.8755622189,0.9960758564,45629944e398,0517998,31,True,"stated by Polaron, not image-verified",unreviewed
embedding PC 8,F07_c2_solidity_area_weighted_median,measurement,-0.152016129,0.4297851074,0.8755622189,0.9960758564,45629944e398,0517998,31,True,"stated by Polaron, not image-verified",unreviewed
embedding PC 8,F08_c0_local_thickness_median_px,measurement,-0.02621098559,0.8860569715,0.9295352324,0.9960758564,45629944e398,0517998,31,True,"stated by Polaron, not image-verified",unreviewed
embedding PC 8,F09_c0_chord_anisotropy_h_over_v,measurement,0.360483871,0.04297851074,0.8755622189,0.8139603668,45629944e398,0517998,31,True,"stated by Polaron, not image-verified",unreviewed
embedding PC 8,F10_c0_fraction_iqr_512px,measurement,0.05806451613,0.7661169415,0.8755622189,0.9960758564,45629944e398,0517998,31,True,"stated by Polaron, not image-verified",unreviewed
embedding PC 8,F11_c2_perimeter_fraction_adjacent_c0,measurement,0.1266129032,0.4857571214,0.8755622189,0.9960758564,45629944e398,0517998,31,True,"stated by Polaron, not image-verified",unreviewed
embedding PC 9,curtaining_score_BSE,covariate,-0.1830645161,0.343828086,0.8395802099,0.9960758564,45629944e398,0517998,31,True,"stated by Polaron, not image-verified",unreviewed
embedding PC 9,edge_charging_BSE,covariate,0.007258064516,0.9645177411,0.9850074963,0.9960758564,45629944e398,0517998,31,True,"stated by Polaron, not image-verified",unreviewed
embedding PC 9,edge_charging_Inlens,covariate,0.04233870968,0.8215892054,0.9850074963,0.9960758564,45629944e398,0517998,31,True,"stated by Polaron, not image-verified",unreviewed
embedding PC 9,height,covariate,-0.2977152147,0.09295352324,0.6316841579,0.9960758564,45629944e398,0517998,31,True,"stated by Polaron, not image-verified",unreviewed
embedding PC 9,hstripe_score_BSE,covariate,-0.2580645161,0.1619190405,0.6316841579,0.9960758564,45629944e398,0517998,31,True,"stated by Polaron, not image-verified",unreviewed
embedding PC 9,nm_per_px_if_tag_true,covariate,0.013155329,0.9470264868,0.9850074963,0.9960758564,45629944e398,0517998,31,True,"stated by Polaron, not image-verified",unreviewed
embedding PC 9,noise_sigma_BSE,covariate,0.1135424071,0.5372313843,0.9550780165,0.9960758564,45629944e398,0517998,31,True,"stated by Polaron, not image-verified",unreviewed
embedding PC 9,sharpness_BSE,covariate,0.1350806452,0.4722638681,0.8889672811,0.9960758564,45629944e398,0517998,31,True,"stated by Polaron, not image-verified",unreviewed
embedding PC 9,c0_cracklike_frac,kpi,0.003225806452,0.9850074963,0.9850074963,0.9960758564,45629944e398,0517998,31,True,"stated by Polaron, not image-verified",unreviewed
embedding PC 9,c0_region_area_mean_px,kpi,-0.1564516129,0.4062968516,0.8415792104,0.9960758564,45629944e398,0517998,31,True,"stated by Polaron, not image-verified",unreviewed
embedding PC 9,c0_region_eqdiam_median_px,kpi,0.03427419355,0.8470764618,0.9850074963,0.9960758564,45629944e398,0517998,31,True,"stated by Polaron, not image-verified",unreviewed
embedding PC 9,c1_flake_aspect_median,kpi,0.05967741935,0.7551224388,0.9850074963,0.9960758564,45629944e398,0517998,31,True,"stated by Polaron, not image-verified",unreviewed
embedding PC 9,c1_flake_eqdiam_median_px,kpi,0.01330645161,0.9380309845,0.9850074963,0.9960758564,45629944e398,0517998,31,True,"stated by Polaron, not image-verified",unreviewed
embedding PC 9,c1_largest_component_frac,kpi,0.2177419355,0.2368815592,0.6316841579,0.9960758564,45629944e398,0517998,31,True,"stated by Polaron, not image-verified",unreviewed
embedding PC 9,c2_count_density_per_Mpx,kpi,0.008064516129,0.9590204898,0.9850074963,0.9960758564,45629944e398,0517998,31,True,"stated by Polaron, not image-verified",unreviewed
embedding PC 9,c2_eqdiam_median_px,kpi,-0.2266129032,0.2268865567,0.6316841579,0.9960758564,45629944e398,0517998,31,True,"stated by Polaron, not image-verified",unreviewed
embedding PC 9,c2_eqdiam_p90_px,kpi,-0.3419354839,0.06146926537,0.6316841579,0.9507246377,45629944e398,0517998,31,True,"stated by Polaron, not image-verified",unreviewed
embedding PC 9,c2_tpc_length_px,kpi,-0.1463709677,0.4207896052,0.8415792104,0.9960758564,45629944e398,0517998,31,True,"stated by Polaron, not image-verified",unreviewed
embedding PC 9,frac_c0,kpi,-0.2725806452,0.1429285357,0.6316841579,0.9960758564,45629944e398,0517998,31,True,"stated by Polaron, not image-verified",unreviewed
embedding PC 9,frac_c1,kpi,0.277016129,0.1214392804,0.6316841579,0.9960758564,45629944e398,0517998,31,True,"stated by Polaron, not image-verified",unreviewed
embedding PC 9,frac_c2,kpi,-0.2741935484,0.1369315342,0.6316841579,0.9960758564,45629944e398,0517998,31,True,"stated by Polaron, not image-verified",unreviewed
embedding PC 9,F01_c0_area_fraction,measurement,-0.2217741935,0.2208895552,0.6316841579,0.9960758564,45629944e398,0517998,31,True,"stated by Polaron, not image-verified",unreviewed
embedding PC 9,F02_c2_area_fraction,measurement,-0.2391129032,0.1924037981,0.6316841579,0.9960758564,45629944e398,0517998,31,True,"stated by Polaron, not image-verified",unreviewed
embedding PC 9,F03_c2_eqdiam_median_px,measurement,0.03300239219,0.8575712144,0.9850074963,0.9960758564,45629944e398,0517998,31,True,"stated by Polaron, not image-verified",unreviewed
embedding PC 9,F04_c2_eqdiam_p90_px,measurement,-0.1665322581,0.3673163418,0.8395802099,0.9960758564,45629944e398,0517998,31,True,"stated by Polaron, not image-verified",unreviewed
embedding PC 9,F05_c2_count_density_per_Mpx,measurement,-0.007661290323,0.9705147426,0.9850074963,0.9960758564,45629944e398,0517998,31,True,"stated by Polaron, not image-verified",unreviewed
embedding PC 9,F06_c2_clark_evans_R,measurement,0.03870967742,0.8265867066,0.9850074963,0.9960758564,45629944e398,0517998,31,True,"stated by Polaron, not image-verified",unreviewed
embedding PC 9,F07_c2_solidity_area_weighted_median,measurement,0.04919354839,0.804097951,0.9850074963,0.9960758564,45629944e398,0517998,31,True,"stated by Polaron, not image-verified",unreviewed
embedding PC 9,F08_c0_local_thickness_median_px,measurement,-0.2279939699,0.2143928036,0.6316841579,0.9960758564,45629944e398,0517998,31,True,"stated by Polaron, not image-verified",unreviewed
embedding PC 9,F09_c0_chord_anisotropy_h_over_v,measurement,0.02379032258,0.8955522239,0.9850074963,0.9960758564,45629944e398,0517998,31,True,"stated by Polaron, not image-verified",unreviewed
embedding PC 9,F10_c0_fraction_iqr_512px,measurement,0.2568548387,0.1624187906,0.6316841579,0.9960758564,45629944e398,0517998,31,True,"stated by Polaron, not image-verified",unreviewed
embedding PC 9,F11_c2_perimeter_fraction_adjacent_c0,measurement,-0.06008064516,0.7346326837,0.9850074963,0.9960758564,45629944e398,0517998,31,True,"stated by Polaron, not image-verified",unreviewed
embedding PC 10,curtaining_score_BSE,covariate,-0.2459677419,0.1914042979,0.9765439861,0.9960758564,45629944e398,0517998,31,True,"stated by Polaron, not image-verified",unreviewed
embedding PC 10,edge_charging_BSE,covariate,0.2508064516,0.1834082959,0.9765439861,0.9960758564,45629944e398,0517998,31,True,"stated by Polaron, not image-verified",unreviewed
embedding PC 10,edge_charging_Inlens,covariate,0.09758064516,0.5802098951,0.9765439861,0.9960758564,45629944e398,0517998,31,True,"stated by Polaron, not image-verified",unreviewed
embedding PC 10,height,covariate,-0.07650329787,0.6821589205,0.9765439861,0.9960758564,45629944e398,0517998,31,True,"stated by Polaron, not image-verified",unreviewed
embedding PC 10,hstripe_score_BSE,covariate,-0.1262096774,0.5022488756,0.9765439861,0.9960758564,45629944e398,0517998,31,True,"stated by Polaron, not image-verified",unreviewed
embedding PC 10,nm_per_px_if_tag_true,covariate,0.0744794011,0.6816591704,0.9765439861,0.9960758564,45629944e398,0517998,31,True,"stated by Polaron, not image-verified",unreviewed
embedding PC 10,noise_sigma_BSE,covariate,0.1258445152,0.5077461269,0.9765439861,0.9960758564,45629944e398,0517998,31,True,"stated by Polaron, not image-verified",unreviewed
embedding PC 10,sharpness_BSE,covariate,0.1213709677,0.5382308846,0.9765439861,0.9960758564,45629944e398,0517998,31,True,"stated by Polaron, not image-verified",unreviewed
embedding PC 10,c0_cracklike_frac,kpi,-0.2733870968,0.1294352824,0.9765439861,0.9960758564,45629944e398,0517998,31,True,"stated by Polaron, not image-verified",unreviewed
embedding PC 10,c0_region_area_mean_px,kpi,0.0310483871,0.8615692154,0.9765439861,0.9960758564,45629944e398,0517998,31,True,"stated by Polaron, not image-verified",unreviewed
embedding PC 10,c0_region_eqdiam_median_px,kpi,-0.01612903226,0.9260369815,0.9765439861,0.9960758564,45629944e398,0517998,31,True,"stated by Polaron, not image-verified",unreviewed
embedding PC 10,c1_flake_aspect_median,kpi,-0.06935483871,0.7146426787,0.9765439861,0.9960758564,45629944e398,0517998,31,True,"stated by Polaron, not image-verified",unreviewed
embedding PC 10,c1_flake_eqdiam_median_px,kpi,-0.1657258065,0.3688155922,0.9765439861,0.9960758564,45629944e398,0517998,31,True,"stated by Polaron, not image-verified",unreviewed
embedding PC 10,c1_largest_component_frac,kpi,-0.1209677419,0.5237381309,0.9765439861,0.9960758564,45629944e398,0517998,31,True,"stated by Polaron, not image-verified",unreviewed
embedding PC 10,c2_count_density_per_Mpx,kpi,0.04112903226,0.8290854573,0.9765439861,0.9960758564,45629944e398,0517998,31,True,"stated by Polaron, not image-verified",unreviewed
embedding PC 10,c2_eqdiam_median_px,kpi,0.1717741935,0.3673163418,0.9765439861,0.9960758564,45629944e398,0517998,31,True,"stated by Polaron, not image-verified",unreviewed
embedding PC 10,c2_eqdiam_p90_px,kpi,0.03225806452,0.8740629685,0.9765439861,0.9960758564,45629944e398,0517998,31,True,"stated by Polaron, not image-verified",unreviewed
embedding PC 10,c2_tpc_length_px,kpi,-0.1616935484,0.3828085957,0.9765439861,0.9960758564,45629944e398,0517998,31,True,"stated by Polaron, not image-verified",unreviewed
embedding PC 10,frac_c0,kpi,-0.05524193548,0.7631184408,0.9765439861,0.9960758564,45629944e398,0517998,31,True,"stated by Polaron, not image-verified",unreviewed
embedding PC 10,frac_c1,kpi,0.004435483871,0.980009995,0.980009995,0.9960758564,45629944e398,0517998,31,True,"stated by Polaron, not image-verified",unreviewed
embedding PC 10,frac_c2,kpi,-0.06330645161,0.7286356822,0.9765439861,0.9960758564,45629944e398,0517998,31,True,"stated by Polaron, not image-verified",unreviewed
embedding PC 10,F01_c0_area_fraction,measurement,-0.03185483871,0.8625687156,0.9765439861,0.9960758564,45629944e398,0517998,31,True,"stated by Polaron, not image-verified",unreviewed
embedding PC 10,F02_c2_area_fraction,measurement,-0.0125,0.9460269865,0.9765439861,0.9960758564,45629944e398,0517998,31,True,"stated by Polaron, not image-verified",unreviewed
embedding PC 10,F03_c2_eqdiam_median_px,measurement,0.04115113101,0.8180909545,0.9765439861,0.9960758564,45629944e398,0517998,31,True,"stated by Polaron, not image-verified",unreviewed
embedding PC 10,F04_c2_eqdiam_p90_px,measurement,-0.02983870968,0.88005997,0.9765439861,0.9960758564,45629944e398,0517998,31,True,"stated by Polaron, not image-verified",unreviewed
embedding PC 10,F05_c2_count_density_per_Mpx,measurement,0.02419354839,0.8925537231,0.9765439861,0.9960758564,45629944e398,0517998,31,True,"stated by Polaron, not image-verified",unreviewed
embedding PC 10,F06_c2_clark_evans_R,measurement,-0.1399193548,0.4407796102,0.9765439861,0.9960758564,45629944e398,0517998,31,True,"stated by Polaron, not image-verified",unreviewed
embedding PC 10,F07_c2_solidity_area_weighted_median,measurement,-0.05080645161,0.7736131934,0.9765439861,0.9960758564,45629944e398,0517998,31,True,"stated by Polaron, not image-verified",unreviewed
embedding PC 10,F08_c0_local_thickness_median_px,measurement,0.0942347339,0.6256871564,0.9765439861,0.9960758564,45629944e398,0517998,31,True,"stated by Polaron, not image-verified",unreviewed
embedding PC 10,F09_c0_chord_anisotropy_h_over_v,measurement,0.07862903226,0.672163918,0.9765439861,0.9960758564,45629944e398,0517998,31,True,"stated by Polaron, not image-verified",unreviewed
embedding PC 10,F10_c0_fraction_iqr_512px,measurement,-0.025,0.8940529735,0.9765439861,0.9960758564,45629944e398,0517998,31,True,"stated by Polaron, not image-verified",unreviewed
embedding PC 10,F11_c2_perimeter_fraction_adjacent_c0,measurement,0.1133064516,0.5547226387,0.9765439861,0.9960758564,45629944e398,0517998,31,True,"stated by Polaron, not image-verified",unreviewed
embedding PC 11,curtaining_score_BSE,covariate,0.2379032258,0.1974012994,0.7896051974,0.9960758564,45629944e398,0517998,31,True,"stated by Polaron, not image-verified",unreviewed
embedding PC 11,edge_charging_BSE,covariate,-0.04838709677,0.7796101949,0.9239824532,0.9960758564,45629944e398,0517998,31,True,"stated by Polaron, not image-verified",unreviewed
embedding PC 11,edge_charging_Inlens,covariate,0.1528225806,0.3998001,0.9185807096,0.9960758564,45629944e398,0517998,31,True,"stated by Polaron, not image-verified",unreviewed
embedding PC 11,height,covariate,0.09674226556,0.6016991504,0.9185807096,0.9960758564,45629944e398,0517998,31,True,"stated by Polaron, not image-verified",unreviewed
embedding PC 11,hstripe_score_BSE,covariate,-0.09637096774,0.6046976512,0.9185807096,0.9960758564,45629944e398,0517998,31,True,"stated by Polaron, not image-verified",unreviewed
embedding PC 11,nm_per_px_if_tag_true,covariate,-0.001619117415,0.992003998,0.992003998,0.9960758564,45629944e398,0517998,31,True,"stated by Polaron, not image-verified",unreviewed
embedding PC 11,noise_sigma_BSE,covariate,-0.1189876025,0.5267366317,0.9185807096,0.9960758564,45629944e398,0517998,31,True,"stated by Polaron, not image-verified",unreviewed
embedding PC 11,sharpness_BSE,covariate,-0.09475806452,0.608195902,0.9185807096,0.9960758564,45629944e398,0517998,31,True,"stated by Polaron, not image-verified",unreviewed
embedding PC 11,c0_cracklike_frac,kpi,-0.2100806452,0.2658670665,0.9185807096,0.9960758564,45629944e398,0517998,31,True,"stated by Polaron, not image-verified",unreviewed
embedding PC 11,c0_region_area_mean_px,kpi,-0.06774193548,0.7176411794,0.9185807096,0.9960758564,45629944e398,0517998,31,True,"stated by Polaron, not image-verified",unreviewed
embedding PC 11,c0_region_eqdiam_median_px,kpi,-0.02943548387,0.8805597201,0.971652105,0.9960758564,45629944e398,0517998,31,True,"stated by Polaron, not image-verified",unreviewed
embedding PC 11,c1_flake_aspect_median,kpi,0.1693548387,0.355822089,0.9185807096,0.9960758564,45629944e398,0517998,31,True,"stated by Polaron, not image-verified",unreviewed
embedding PC 11,c1_flake_eqdiam_median_px,kpi,-0.2947580645,0.1099450275,0.7896051974,0.9960758564,45629944e398,0517998,31,True,"stated by Polaron, not image-verified",unreviewed
embedding PC 11,c1_largest_component_frac,kpi,0.006451612903,0.9745127436,0.992003998,0.9960758564,45629944e398,0517998,31,True,"stated by Polaron, not image-verified",unreviewed
embedding PC 11,c2_count_density_per_Mpx,kpi,0.1939516129,0.3063468266,0.9185807096,0.9960758564,45629944e398,0517998,31,True,"stated by Polaron, not image-verified",unreviewed
embedding PC 11,c2_eqdiam_median_px,kpi,-0.3447580645,0.05097451274,0.7896051974,0.8925348646,45629944e398,0517998,31,True,"stated by Polaron, not image-verified",unreviewed
embedding PC 11,c2_eqdiam_p90_px,kpi,-0.2762096774,0.1304347826,0.7896051974,0.9960758564,45629944e398,0517998,31,True,"stated by Polaron, not image-verified",unreviewed
embedding PC 11,c2_tpc_length_px,kpi,0.1387096774,0.4467766117,0.9185807096,0.9960758564,45629944e398,0517998,31,True,"stated by Polaron, not image-verified",unreviewed
embedding PC 11,frac_c0,kpi,0.01532258065,0.932033983,0.992003998,0.9960758564,45629944e398,0517998,31,True,"stated by Polaron, not image-verified",unreviewed
embedding PC 11,frac_c1,kpi,-0.1040322581,0.5922038981,0.9185807096,0.9960758564,45629944e398,0517998,31,True,"stated by Polaron, not image-verified",unreviewed
embedding PC 11,frac_c2,kpi,0.0375,0.8355822089,0.9549510959,0.9960758564,45629944e398,0517998,31,True,"stated by Polaron, not image-verified",unreviewed
embedding PC 11,F01_c0_area_fraction,measurement,-0.05,0.776111944,0.9239824532,0.9960758564,45629944e398,0517998,31,True,"stated by Polaron, not image-verified",unreviewed
embedding PC 11,F02_c2_area_fraction,measurement,0.08225806452,0.6611694153,0.9185807096,0.9960758564,45629944e398,0517998,31,True,"stated by Polaron, not image-verified",unreviewed
embedding PC 11,F03_c2_eqdiam_median_px,measurement,-0.3391912531,0.07646176912,0.7896051974,0.9960758564,45629944e398,0517998,31,True,"stated by Polaron, not image-verified",unreviewed
embedding PC 11,F04_c2_eqdiam_p90_px,measurement,-0.3435483871,0.05897051474,0.7896051974,0.9435282359,45629944e398,0517998,31,True,"stated by Polaron, not image-verified",unreviewed
embedding PC 11,F05_c2_count_density_per_Mpx,measurement,0.1016129032,0.5887056472,0.9185807096,0.9960758564,45629944e398,0517998,31,True,"stated by Polaron, not image-verified",unreviewed
embedding PC 11,F06_c2_clark_evans_R,measurement,0.09596774194,0.6176911544,0.9185807096,0.9960758564,45629944e398,0517998,31,True,"stated by Polaron, not image-verified",unreviewed
embedding PC 11,F07_c2_solidity_area_weighted_median,measurement,0.2391129032,0.1794102949,0.7896051974,0.9960758564,45629944e398,0517998,31,True,"stated by Polaron, not image-verified",unreviewed
embedding PC 11,F08_c0_local_thickness_median_px,measurement,-0.2652302113,0.1499250375,0.7896051974,0.9960758564,45629944e398,0517998,31,True,"stated by Polaron, not image-verified",unreviewed
embedding PC 11,F09_c0_chord_anisotropy_h_over_v,measurement,-0.1342741935,0.4637681159,0.9185807096,0.9960758564,45629944e398,0517998,31,True,"stated by Polaron, not image-verified",unreviewed
embedding PC 11,F10_c0_fraction_iqr_512px,measurement,-0.08911290323,0.6396801599,0.9185807096,0.9960758564,45629944e398,0517998,31,True,"stated by Polaron, not image-verified",unreviewed
embedding PC 11,F11_c2_perimeter_fraction_adjacent_c0,measurement,0.07137096774,0.7076461769,0.9185807096,0.9960758564,45629944e398,0517998,31,True,"stated by Polaron, not image-verified",unreviewed
embedding PC 12,curtaining_score_BSE,covariate,0.2560483871,0.171914043,0.9915042479,0.9960758564,45629944e398,0517998,31,True,"stated by Polaron, not image-verified",unreviewed
embedding PC 12,edge_charging_BSE,covariate,-0.214516129,0.2503748126,0.9915042479,0.9960758564,45629944e398,0517998,31,True,"stated by Polaron, not image-verified",unreviewed
embedding PC 12,edge_charging_Inlens,covariate,0.0564516129,0.7756121939,0.9915042479,0.9960758564,45629944e398,0517998,31,True,"stated by Polaron, not image-verified",unreviewed
embedding PC 12,height,covariate,0.01882223995,0.924037981,0.9915042479,0.9960758564,45629944e398,0517998,31,True,"stated by Polaron, not image-verified",unreviewed
embedding PC 12,hstripe_score_BSE,covariate,0.1108870968,0.5642178911,0.9915042479,0.9960758564,45629944e398,0517998,31,True,"stated by Polaron, not image-verified",unreviewed
embedding PC 12,nm_per_px_if_tag_true,covariate,-0.008297976753,0.9620189905,0.9915042479,0.9960758564,45629944e398,0517998,31,True,"stated by Polaron, not image-verified",unreviewed
embedding PC 12,noise_sigma_BSE,covariate,-0.08006453931,0.684157921,0.9915042479,0.9960758564,45629944e398,0517998,31,True,"stated by Polaron, not image-verified",unreviewed
embedding PC 12,sharpness_BSE,covariate,-0.08508064516,0.632183908,0.9915042479,0.9960758564,45629944e398,0517998,31,True,"stated by Polaron, not image-verified",unreviewed
embedding PC 12,c0_cracklike_frac,kpi,0.01491935484,0.9325337331,0.9915042479,0.9960758564,45629944e398,0517998,31,True,"stated by Polaron, not image-verified",unreviewed
embedding PC 12,c0_region_area_mean_px,kpi,-0.2689516129,0.1384307846,0.9915042479,0.9960758564,45629944e398,0517998,31,True,"stated by Polaron, not image-verified",unreviewed
embedding PC 12,c0_region_eqdiam_median_px,kpi,0.08024193548,0.6676661669,0.9915042479,0.9960758564,45629944e398,0517998,31,True,"stated by Polaron, not image-verified",unreviewed
embedding PC 12,c1_flake_aspect_median,kpi,0.02217741935,0.9010494753,0.9915042479,0.9960758564,45629944e398,0517998,31,True,"stated by Polaron, not image-verified",unreviewed
embedding PC 12,c1_flake_eqdiam_median_px,kpi,-0.03548387097,0.8530734633,0.9915042479,0.9960758564,45629944e398,0517998,31,True,"stated by Polaron, not image-verified",unreviewed
embedding PC 12,c1_largest_component_frac,kpi,0.1612903226,0.3778110945,0.9915042479,0.9960758564,45629944e398,0517998,31,True,"stated by Polaron, not image-verified",unreviewed
embedding PC 12,c2_count_density_per_Mpx,kpi,-0.197983871,0.2848575712,0.9915042479,0.9960758564,45629944e398,0517998,31,True,"stated by Polaron, not image-verified",unreviewed
embedding PC 12,c2_eqdiam_median_px,kpi,-0.05725806452,0.7431284358,0.9915042479,0.9960758564,45629944e398,0517998,31,True,"stated by Polaron, not image-verified",unreviewed
embedding PC 12,c2_eqdiam_p90_px,kpi,0.09435483871,0.6146926537,0.9915042479,0.9960758564,45629944e398,0517998,31,True,"stated by Polaron, not image-verified",unreviewed
embedding PC 12,c2_tpc_length_px,kpi,0.3201612903,0.09095452274,0.9915042479,0.9960758564,45629944e398,0517998,31,True,"stated by Polaron, not image-verified",unreviewed
embedding PC 12,frac_c0,kpi,-0.02258064516,0.9075462269,0.9915042479,0.9960758564,45629944e398,0517998,31,True,"stated by Polaron, not image-verified",unreviewed
embedding PC 12,frac_c1,kpi,0.003225806452,0.9815092454,0.9915042479,0.9960758564,45629944e398,0517998,31,True,"stated by Polaron, not image-verified",unreviewed
embedding PC 12,frac_c2,kpi,-0.1669354839,0.3853073463,0.9915042479,0.9960758564,45629944e398,0517998,31,True,"stated by Polaron, not image-verified",unreviewed
embedding PC 12,F01_c0_area_fraction,measurement,-0.03306451613,0.8540729635,0.9915042479,0.9960758564,45629944e398,0517998,31,True,"stated by Polaron, not image-verified",unreviewed
embedding PC 12,F02_c2_area_fraction,measurement,-0.2024193548,0.2803598201,0.9915042479,0.9960758564,45629944e398,0517998,31,True,"stated by Polaron, not image-verified",unreviewed
embedding PC 12,F03_c2_eqdiam_median_px,measurement,-0.05276308382,0.7916041979,0.9915042479,0.9960758564,45629944e398,0517998,31,True,"stated by Polaron, not image-verified",unreviewed
embedding PC 12,F04_c2_eqdiam_p90_px,measurement,0.1181451613,0.5347326337,0.9915042479,0.9960758564,45629944e398,0517998,31,True,"stated by Polaron, not image-verified",unreviewed
embedding PC 12,F05_c2_count_density_per_Mpx,measurement,-0.122983871,0.5092453773,0.9915042479,0.9960758564,45629944e398,0517998,31,True,"stated by Polaron, not image-verified",unreviewed
embedding PC 12,F06_c2_clark_evans_R,measurement,0.1092741935,0.5567216392,0.9915042479,0.9960758564,45629944e398,0517998,31,True,"stated by Polaron, not image-verified",unreviewed
embedding PC 12,F07_c2_solidity_area_weighted_median,measurement,-0.001612903226,0.9915042479,0.9915042479,0.9960758564,45629944e398,0517998,31,True,"stated by Polaron, not image-verified",unreviewed
embedding PC 12,F08_c0_local_thickness_median_px,measurement,0.03578007557,0.8490754623,0.9915042479,0.9960758564,45629944e398,0517998,31,True,"stated by Polaron, not image-verified",unreviewed
embedding PC 12,F09_c0_chord_anisotropy_h_over_v,measurement,-0.1318548387,0.4642678661,0.9915042479,0.9960758564,45629944e398,0517998,31,True,"stated by Polaron, not image-verified",unreviewed
embedding PC 12,F10_c0_fraction_iqr_512px,measurement,0.02943548387,0.8740629685,0.9915042479,0.9960758564,45629944e398,0517998,31,True,"stated by Polaron, not image-verified",unreviewed
embedding PC 12,F11_c2_perimeter_fraction_adjacent_c0,measurement,-0.07379032258,0.6891554223,0.9915042479,0.9960758564,45629944e398,0517998,31,True,"stated by Polaron, not image-verified",unreviewed
embedding PC 13,curtaining_score_BSE,covariate,-0.2862903226,0.1084457771,0.9406205988,0.9960758564,45629944e398,0517998,31,True,"stated by Polaron, not image-verified",unreviewed
embedding PC 13,edge_charging_BSE,covariate,0.1225806452,0.5057471264,0.9614016521,0.9960758564,45629944e398,0517998,31,True,"stated by Polaron, not image-verified",unreviewed
embedding PC 13,edge_charging_Inlens,covariate,-0.001612903226,0.9930034983,0.9940029985,0.9960758564,45629944e398,0517998,31,True,"stated by Polaron, not image-verified",unreviewed
embedding PC 13,height,covariate,-0.02590587864,0.8930534733,0.9940029985,0.9960758564,45629944e398,0517998,31,True,"stated by Polaron, not image-verified",unreviewed
embedding PC 13,hstripe_score_BSE,covariate,0.2173387097,0.2303848076,0.9406205988,0.9960758564,45629944e398,0517998,31,True,"stated by Polaron, not image-verified",unreviewed
embedding PC 13,nm_per_px_if_tag_true,covariate,0.07245550433,0.712143928,0.9908089434,0.9960758564,45629944e398,0517998,31,True,"stated by Polaron, not image-verified",unreviewed
embedding PC 13,noise_sigma_BSE,covariate,-0.03650297636,0.8450774613,0.9940029985,0.9960758564,45629944e398,0517998,31,True,"stated by Polaron, not image-verified",unreviewed
embedding PC 13,sharpness_BSE,covariate,-0.02540322581,0.892053973,0.9940029985,0.9960758564,45629944e398,0517998,31,True,"stated by Polaron, not image-verified",unreviewed
embedding PC 13,c0_cracklike_frac,kpi,0.1322580645,0.4847576212,0.9614016521,0.9960758564,45629944e398,0517998,31,True,"stated by Polaron, not image-verified",unreviewed
embedding PC 13,c0_region_area_mean_px,kpi,0.2137096774,0.247876062,0.9406205988,0.9960758564,45629944e398,0517998,31,True,"stated by Polaron, not image-verified",unreviewed
embedding PC 13,c0_region_eqdiam_median_px,kpi,-0.1245967742,0.4997501249,0.9614016521,0.9960758564,45629944e398,0517998,31,True,"stated by Polaron, not image-verified",unreviewed
embedding PC 13,c1_flake_aspect_median,kpi,0.2245967742,0.2233883058,0.9406205988,0.9960758564,45629944e398,0517998,31,True,"stated by Polaron, not image-verified",unreviewed
embedding PC 13,c1_flake_eqdiam_median_px,kpi,-0.177016129,0.3233383308,0.9406205988,0.9960758564,45629944e398,0517998,31,True,"stated by Polaron, not image-verified",unreviewed
embedding PC 13,c1_largest_component_frac,kpi,0.0814516129,0.6591704148,0.9908089434,0.9960758564,45629944e398,0517998,31,True,"stated by Polaron, not image-verified",unreviewed
embedding PC 13,c2_count_density_per_Mpx,kpi,0.01088709677,0.9530234883,0.9940029985,0.9960758564,45629944e398,0517998,31,True,"stated by Polaron, not image-verified",unreviewed
embedding PC 13,c2_eqdiam_median_px,kpi,0.08346774194,0.6626686657,0.9908089434,0.9960758564,45629944e398,0517998,31,True,"stated by Polaron, not image-verified",unreviewed
embedding PC 13,c2_eqdiam_p90_px,kpi,-0.04838709677,0.7941029485,0.9940029985,0.9960758564,45629944e398,0517998,31,True,"stated by Polaron, not image-verified",unreviewed
embedding PC 13,c2_tpc_length_px,kpi,-0.1056451613,0.5647176412,0.9908089434,0.9960758564,45629944e398,0517998,31,True,"stated by Polaron, not image-verified",unreviewed
embedding PC 13,frac_c0,kpi,0.1798387097,0.3223388306,0.9406205988,0.9960758564,45629944e398,0517998,31,True,"stated by Polaron, not image-verified",unreviewed
embedding PC 13,frac_c1,kpi,-0.1568548387,0.3993003498,0.9614016521,0.9960758564,45629944e398,0517998,31,True,"stated by Polaron, not image-verified",unreviewed
embedding PC 13,frac_c2,kpi,0.15,0.4117941029,0.9614016521,0.9960758564,45629944e398,0517998,31,True,"stated by Polaron, not image-verified",unreviewed
embedding PC 13,F01_c0_area_fraction,measurement,0.2883064516,0.1114442779,0.9406205988,0.9960758564,45629944e398,0517998,31,True,"stated by Polaron, not image-verified",unreviewed
embedding PC 13,F02_c2_area_fraction,measurement,0.09274193548,0.6231884058,0.9908089434,0.9960758564,45629944e398,0517998,31,True,"stated by Polaron, not image-verified",unreviewed
embedding PC 13,F03_c2_eqdiam_median_px,measurement,0.1218236453,0.5107446277,0.9614016521,0.9960758564,45629944e398,0517998,31,True,"stated by Polaron, not image-verified",unreviewed
embedding PC 13,F04_c2_eqdiam_p90_px,measurement,0.001612903226,0.9940029985,0.9940029985,0.9960758564,45629944e398,0517998,31,True,"stated by Polaron, not image-verified",unreviewed
embedding PC 13,F05_c2_count_density_per_Mpx,measurement,0.07379032258,0.7006496752,0.9908089434,0.9960758564,45629944e398,0517998,31,True,"stated by Polaron, not image-verified",unreviewed
embedding PC 13,F06_c2_clark_evans_R,measurement,-0.01088709677,0.964017991,0.9940029985,0.9960758564,45629944e398,0517998,31,True,"stated by Polaron, not image-verified",unreviewed
embedding PC 13,F07_c2_solidity_area_weighted_median,measurement,-0.1858870968,0.3023488256,0.9406205988,0.9960758564,45629944e398,0517998,31,True,"stated by Polaron, not image-verified",unreviewed
embedding PC 13,F08_c0_local_thickness_median_px,measurement,0.328885462,0.06296851574,0.9406205988,0.9579472559,45629944e398,0517998,31,True,"stated by Polaron, not image-verified",unreviewed
embedding PC 13,F09_c0_chord_anisotropy_h_over_v,measurement,0.1959677419,0.291854073,0.9406205988,0.9960758564,45629944e398,0517998,31,True,"stated by Polaron, not image-verified",unreviewed
embedding PC 13,F10_c0_fraction_iqr_512px,measurement,0.1915322581,0.2978510745,0.9406205988,0.9960758564,45629944e398,0517998,31,True,"stated by Polaron, not image-verified",unreviewed
embedding PC 13,F11_c2_perimeter_fraction_adjacent_c0,measurement,-0.01693548387,0.9310344828,0.9940029985,0.9960758564,45629944e398,0517998,31,True,"stated by Polaron, not image-verified",unreviewed
embedding PC 14,curtaining_score_BSE,covariate,0.1758064516,0.3568215892,0.8817660135,0.9960758564,45629944e398,0517998,31,True,"stated by Polaron, not image-verified",unreviewed
embedding PC 14,edge_charging_BSE,covariate,0.07056451613,0.7056471764,0.8817660135,0.9960758564,45629944e398,0517998,31,True,"stated by Polaron, not image-verified",unreviewed
embedding PC 14,edge_charging_Inlens,covariate,-0.2306451613,0.223888056,0.8817660135,0.9960758564,45629944e398,0517998,31,True,"stated by Polaron, not image-verified",unreviewed
embedding PC 14,height,covariate,0.1659595351,0.379810095,0.8817660135,0.9960758564,45629944e398,0517998,31,True,"stated by Polaron, not image-verified",unreviewed
embedding PC 14,hstripe_score_BSE,covariate,0.06129032258,0.7501249375,0.8817660135,0.9960758564,45629944e398,0517998,31,True,"stated by Polaron, not image-verified",unreviewed
embedding PC 14,nm_per_px_if_tag_true,covariate,-0.2659400354,0.1514242879,0.8817660135,0.9960758564,45629944e398,0517998,31,True,"stated by Polaron, not image-verified",unreviewed
embedding PC 14,noise_sigma_BSE,covariate,-0.04699001929,0.7981009495,0.8817660135,0.9960758564,45629944e398,0517998,31,True,"stated by Polaron, not image-verified",unreviewed
embedding PC 14,sharpness_BSE,covariate,-0.05040322581,0.7861069465,0.8817660135,0.9960758564,45629944e398,0517998,31,True,"stated by Polaron, not image-verified",unreviewed
embedding PC 14,c0_cracklike_frac,kpi,0.175,0.3458270865,0.8817660135,0.9960758564,45629944e398,0517998,31,True,"stated by Polaron, not image-verified",unreviewed
embedding PC 14,c0_region_area_mean_px,kpi,0.1685483871,0.3698150925,0.8817660135,0.9960758564,45629944e398,0517998,31,True,"stated by Polaron, not image-verified",unreviewed
embedding PC 14,c0_region_eqdiam_median_px,kpi,0.04556451613,0.7991004498,0.8817660135,0.9960758564,45629944e398,0517998,31,True,"stated by Polaron, not image-verified",unreviewed
embedding PC 14,c1_flake_aspect_median,kpi,-0.005241935484,0.9775112444,0.9775112444,0.9960758564,45629944e398,0517998,31,True,"stated by Polaron, not image-verified",unreviewed
embedding PC 14,c1_flake_eqdiam_median_px,kpi,-0.05362903226,0.7716141929,0.8817660135,0.9960758564,45629944e398,0517998,31,True,"stated by Polaron, not image-verified",unreviewed
embedding PC 14,c1_largest_component_frac,kpi,-0.3975806452,0.03148425787,0.8817660135,0.8091273512,45629944e398,0517998,31,True,"stated by Polaron, not image-verified",unreviewed
embedding PC 14,c2_count_density_per_Mpx,kpi,0.2028225806,0.2738630685,0.8817660135,0.9960758564,45629944e398,0517998,31,True,"stated by Polaron, not image-verified",unreviewed
embedding PC 14,c2_eqdiam_median_px,kpi,0.139516129,0.4532733633,0.8817660135,0.9960758564,45629944e398,0517998,31,True,"stated by Polaron, not image-verified",unreviewed
embedding PC 14,c2_eqdiam_p90_px,kpi,0.04153225806,0.828085957,0.8832916875,0.9960758564,45629944e398,0517998,31,True,"stated by Polaron, not image-verified",unreviewed
embedding PC 14,c2_tpc_length_px,kpi,-0.1302419355,0.4827586207,0.8817660135,0.9960758564,45629944e398,0517998,31,True,"stated by Polaron, not image-verified",unreviewed
embedding PC 14,frac_c0,kpi,0.05322580645,0.7756121939,0.8817660135,0.9960758564,45629944e398,0517998,31,True,"stated by Polaron, not image-verified",unreviewed
embedding PC 14,frac_c1,kpi,-0.2129032258,0.2643678161,0.8817660135,0.9960758564,45629944e398,0517998,31,True,"stated by Polaron, not image-verified",unreviewed
embedding PC 14,frac_c2,kpi,0.1576612903,0.4007996002,0.8817660135,0.9960758564,45629944e398,0517998,31,True,"stated by Polaron, not image-verified",unreviewed
embedding PC 14,F01_c0_area_fraction,measurement,0.1080645161,0.5532233883,0.8817660135,0.9960758564,45629944e398,0517998,31,True,"stated by Polaron, not image-verified",unreviewed
embedding PC 14,F02_c2_area_fraction,measurement,0.1866935484,0.3033483258,0.8817660135,0.9960758564,45629944e398,0517998,31,True,"stated by Polaron, not image-verified",unreviewed
embedding PC 14,F03_c2_eqdiam_median_px,measurement,0.2365171441,0.2008995502,0.8817660135,0.9960758564,45629944e398,0517998,31,True,"stated by Polaron, not image-verified",unreviewed
embedding PC 14,F04_c2_eqdiam_p90_px,measurement,-0.122983871,0.5177411294,0.8817660135,0.9960758564,45629944e398,0517998,31,True,"stated by Polaron, not image-verified",unreviewed
embedding PC 14,F05_c2_count_density_per_Mpx,measurement,0.1052419355,0.5907046477,0.8817660135,0.9960758564,45629944e398,0517998,31,True,"stated by Polaron, not image-verified",unreviewed
embedding PC 14,F06_c2_clark_evans_R,measurement,-0.03064516129,0.876061969,0.9043220325,0.9960758564,45629944e398,0517998,31,True,"stated by Polaron, not image-verified",unreviewed
embedding PC 14,F07_c2_solidity_area_weighted_median,measurement,-0.05725806452,0.7611194403,0.8817660135,0.9960758564,45629944e398,0517998,31,True,"stated by Polaron, not image-verified",unreviewed
embedding PC 14,F08_c0_local_thickness_median_px,measurement,0.0644873455,0.72013993,0.8817660135,0.9960758564,45629944e398,0517998,31,True,"stated by Polaron, not image-verified",unreviewed
embedding PC 14,F09_c0_chord_anisotropy_h_over_v,measurement,-0.05846774194,0.7611194403,0.8817660135,0.9960758564,45629944e398,0517998,31,True,"stated by Polaron, not image-verified",unreviewed
embedding PC 14,F10_c0_fraction_iqr_512px,measurement,0.1701612903,0.3593203398,0.8817660135,0.9960758564,45629944e398,0517998,31,True,"stated by Polaron, not image-verified",unreviewed
embedding PC 14,F11_c2_perimeter_fraction_adjacent_c0,measurement,0.08951612903,0.64017991,0.8817660135,0.9960758564,45629944e398,0517998,31,True,"stated by Polaron, not image-verified",unreviewed
embedding PC 15,curtaining_score_BSE,covariate,-0.0689516129,0.7131434283,0.8540729635,0.9960758564,45629944e398,0517998,31,True,"stated by Polaron, not image-verified",unreviewed
embedding PC 15,edge_charging_BSE,covariate,-0.04153225806,0.8230884558,0.8540729635,0.9960758564,45629944e398,0517998,31,True,"stated by Polaron, not image-verified",unreviewed
embedding PC 15,edge_charging_Inlens,covariate,-0.05927419355,0.7466266867,0.8540729635,0.9960758564,45629944e398,0517998,31,True,"stated by Polaron, not image-verified",unreviewed
embedding PC 15,height,covariate,0.2078541982,0.263868066,0.8540729635,0.9960758564,45629944e398,0517998,31,True,"stated by Polaron, not image-verified",unreviewed
embedding PC 15,hstripe_score_BSE,covariate,-0.0439516129,0.8015992004,0.8540729635,0.9960758564,45629944e398,0517998,31,True,"stated by Polaron, not image-verified",unreviewed
embedding PC 15,nm_per_px_if_tag_true,covariate,0.2001633904,0.27986007,0.8540729635,0.9960758564,45629944e398,0517998,31,True,"stated by Polaron, not image-verified",unreviewed
embedding PC 15,noise_sigma_BSE,covariate,0.1415750796,0.4572713643,0.8540729635,0.9960758564,45629944e398,0517998,31,True,"stated by Polaron, not image-verified",unreviewed
embedding PC 15,sharpness_BSE,covariate,0.1612903226,0.3773113443,0.8540729635,0.9960758564,45629944e398,0517998,31,True,"stated by Polaron, not image-verified",unreviewed
embedding PC 15,c0_cracklike_frac,kpi,-0.2241935484,0.2103948026,0.8540729635,0.9960758564,45629944e398,0517998,31,True,"stated by Polaron, not image-verified",unreviewed
embedding PC 15,c0_region_area_mean_px,kpi,-0.1552419355,0.3988005997,0.8540729635,0.9960758564,45629944e398,0517998,31,True,"stated by Polaron, not image-verified",unreviewed
embedding PC 15,c0_region_eqdiam_median_px,kpi,-0.1298387097,0.4877561219,0.8540729635,0.9960758564,45629944e398,0517998,31,True,"stated by Polaron, not image-verified",unreviewed
embedding PC 15,c1_flake_aspect_median,kpi,-0.1451612903,0.4427786107,0.8540729635,0.9960758564,45629944e398,0517998,31,True,"stated by Polaron, not image-verified",unreviewed
embedding PC 15,c1_flake_eqdiam_median_px,kpi,0.152016129,0.4157921039,0.8540729635,0.9960758564,45629944e398,0517998,31,True,"stated by Polaron, not image-verified",unreviewed
embedding PC 15,c1_largest_component_frac,kpi,0.1225806452,0.5027486257,0.8540729635,0.9960758564,45629944e398,0517998,31,True,"stated by Polaron, not image-verified",unreviewed
embedding PC 15,c2_count_density_per_Mpx,kpi,-0.09233870968,0.6056971514,0.8540729635,0.9960758564,45629944e398,0517998,31,True,"stated by Polaron, not image-verified",unreviewed
embedding PC 15,c2_eqdiam_median_px,kpi,-0.2278225806,0.2228885557,0.8540729635,0.9960758564,45629944e398,0517998,31,True,"stated by Polaron, not image-verified",unreviewed
embedding PC 15,c2_eqdiam_p90_px,kpi,0.03830645161,0.8415792104,0.8540729635,0.9960758564,45629944e398,0517998,31,True,"stated by Polaron, not image-verified",unreviewed
embedding PC 15,c2_tpc_length_px,kpi,0.3766129032,0.0379810095,0.8540729635,0.8091273512,45629944e398,0517998,31,True,"stated by Polaron, not image-verified",unreviewed
embedding PC 15,frac_c0,kpi,0.1072580645,0.5657171414,0.8540729635,0.9960758564,45629944e398,0517998,31,True,"stated by Polaron, not image-verified",unreviewed
embedding PC 15,frac_c1,kpi,0.07701612903,0.6756621689,0.8540729635,0.9960758564,45629944e398,0517998,31,True,"stated by Polaron, not image-verified",unreviewed
embedding PC 15,frac_c2,kpi,-0.1173387097,0.5197401299,0.8540729635,0.9960758564,45629944e398,0517998,31,True,"stated by Polaron, not image-verified",unreviewed
embedding PC 15,F01_c0_area_fraction,measurement,0.1100806452,0.5587206397,0.8540729635,0.9960758564,45629944e398,0517998,31,True,"stated by Polaron, not image-verified",unreviewed
embedding PC 15,F02_c2_area_fraction,measurement,-0.1108870968,0.5212393803,0.8540729635,0.9960758564,45629944e398,0517998,31,True,"stated by Polaron, not image-verified",unreviewed
embedding PC 15,F03_c2_eqdiam_median_px,measurement,-0.3251346787,0.07296351824,0.8540729635,0.9960758564,45629944e398,0517998,31,True,"stated by Polaron, not image-verified",unreviewed
embedding PC 15,F04_c2_eqdiam_p90_px,measurement,-0.0375,0.8540729635,0.8540729635,0.9960758564,45629944e398,0517998,31,True,"stated by Polaron, not image-verified",unreviewed
embedding PC 15,F05_c2_count_density_per_Mpx,measurement,-0.1282258065,0.5112443778,0.8540729635,0.9960758564,45629944e398,0517998,31,True,"stated by Polaron, not image-verified",unreviewed
embedding PC 15,F06_c2_clark_evans_R,measurement,-0.07379032258,0.6951524238,0.8540729635,0.9960758564,45629944e398,0517998,31,True,"stated by Polaron, not image-verified",unreviewed
embedding PC 15,F07_c2_solidity_area_weighted_median,measurement,0.1826612903,0.3228385807,0.8540729635,0.9960758564,45629944e398,0517998,31,True,"stated by Polaron, not image-verified",unreviewed
embedding PC 15,F08_c0_local_thickness_median_px,measurement,-0.05283801857,0.7781109445,0.8540729635,0.9960758564,45629944e398,0517998,31,True,"stated by Polaron, not image-verified",unreviewed
embedding PC 15,F09_c0_chord_anisotropy_h_over_v,measurement,-0.07540322581,0.6666666667,0.8540729635,0.9960758564,45629944e398,0517998,31,True,"stated by Polaron, not image-verified",unreviewed
embedding PC 15,F10_c0_fraction_iqr_512px,measurement,0.25,0.171914043,0.8540729635,0.9960758564,45629944e398,0517998,31,True,"stated by Polaron, not image-verified",unreviewed
embedding PC 15,F11_c2_perimeter_fraction_adjacent_c0,measurement,-0.2431451613,0.1869065467,0.8540729635,0.9960758564,45629944e398,0517998,31,True,"stated by Polaron, not image-verified",unreviewed
embedding PC 16,curtaining_score_BSE,covariate,-0.2080645161,0.2653673163,0.8699650175,0.9960758564,45629944e398,0517998,31,True,"stated by Polaron, not image-verified",unreviewed
embedding PC 16,edge_charging_BSE,covariate,-0.1129032258,0.5292353823,0.8699650175,0.9960758564,45629944e398,0517998,31,True,"stated by Polaron, not image-verified",unreviewed
embedding PC 16,edge_charging_Inlens,covariate,-0.1205645161,0.5357321339,0.8699650175,0.9960758564,45629944e398,0517998,31,True,"stated by Polaron, not image-verified",unreviewed
embedding PC 16,height,covariate,0.04229944247,0.8185907046,0.9715142429,0.9960758564,45629944e398,0517998,31,True,"stated by Polaron, not image-verified",unreviewed
embedding PC 16,hstripe_score_BSE,covariate,-0.1548387097,0.3943028486,0.8699650175,0.9960758564,45629944e398,0517998,31,True,"stated by Polaron, not image-verified",unreviewed
embedding PC 16,nm_per_px_if_tag_true,covariate,-0.1787100847,0.3448275862,0.8699650175,0.9960758564,45629944e398,0517998,31,True,"stated by Polaron, not image-verified",unreviewed
embedding PC 16,noise_sigma_BSE,covariate,0.04093980222,0.8255872064,0.9715142429,0.9960758564,45629944e398,0517998,31,True,"stated by Polaron, not image-verified",unreviewed
embedding PC 16,sharpness_BSE,covariate,0.01572580645,0.9395302349,0.9801550837,0.9960758564,45629944e398,0517998,31,True,"stated by Polaron, not image-verified",unreviewed
embedding PC 16,c0_cracklike_frac,kpi,0.1346774194,0.4572713643,0.8699650175,0.9960758564,45629944e398,0517998,31,True,"stated by Polaron, not image-verified",unreviewed
embedding PC 16,c0_region_area_mean_px,kpi,-0.2241935484,0.2353823088,0.8699650175,0.9960758564,45629944e398,0517998,31,True,"stated by Polaron, not image-verified",unreviewed
embedding PC 16,c0_region_eqdiam_median_px,kpi,-0.297983871,0.1094452774,0.8699650175,0.9960758564,45629944e398,0517998,31,True,"stated by Polaron, not image-verified",unreviewed
embedding PC 16,c1_flake_aspect_median,kpi,0.0625,0.7306346827,0.9715142429,0.9960758564,45629944e398,0517998,31,True,"stated by Polaron, not image-verified",unreviewed
embedding PC 16,c1_flake_eqdiam_median_px,kpi,-0.08024193548,0.6541729135,0.9515242379,0.9960758564,45629944e398,0517998,31,True,"stated by Polaron, not image-verified",unreviewed
embedding PC 16,c1_largest_component_frac,kpi,-0.1641129032,0.3823088456,0.8699650175,0.9960758564,45629944e398,0517998,31,True,"stated by Polaron, not image-verified",unreviewed
embedding PC 16,c2_count_density_per_Mpx,kpi,-0.02338709677,0.8985507246,0.9801550837,0.9960758564,45629944e398,0517998,31,True,"stated by Polaron, not image-verified",unreviewed
embedding PC 16,c2_eqdiam_median_px,kpi,0.002822580645,0.9900049975,0.9900049975,0.9960758564,45629944e398,0517998,31,True,"stated by Polaron, not image-verified",unreviewed
embedding PC 16,c2_eqdiam_p90_px,kpi,0.01048387097,0.9495252374,0.9801550837,0.9960758564,45629944e398,0517998,31,True,"stated by Polaron, not image-verified",unreviewed
embedding PC 16,c2_tpc_length_px,kpi,-0.1358870968,0.4777611194,0.8699650175,0.9960758564,45629944e398,0517998,31,True,"stated by Polaron, not image-verified",unreviewed
embedding PC 16,frac_c0,kpi,-0.1475806452,0.4292853573,0.8699650175,0.9960758564,45629944e398,0517998,31,True,"stated by Polaron, not image-verified",unreviewed
embedding PC 16,frac_c1,kpi,-0.04516129032,0.8060969515,0.9715142429,0.9960758564,45629944e398,0517998,31,True,"stated by Polaron, not image-verified",unreviewed
embedding PC 16,frac_c2,kpi,0.1774193548,0.3613193403,0.8699650175,0.9960758564,45629944e398,0517998,31,True,"stated by Polaron, not image-verified",unreviewed
embedding PC 16,F01_c0_area_fraction,measurement,-0.2044354839,0.2708645677,0.8699650175,0.9960758564,45629944e398,0517998,31,True,"stated by Polaron, not image-verified",unreviewed
embedding PC 16,F02_c2_area_fraction,measurement,0.1528225806,0.4247876062,0.8699650175,0.9960758564,45629944e398,0517998,31,True,"stated by Polaron, not image-verified",unreviewed
embedding PC 16,F03_c2_eqdiam_median_px,measurement,0.07578327096,0.6851574213,0.9532624992,0.9960758564,45629944e398,0517998,31,True,"stated by Polaron, not image-verified",unreviewed
embedding PC 16,F04_c2_eqdiam_p90_px,measurement,0.1108870968,0.5437281359,0.8699650175,0.9960758564,45629944e398,0517998,31,True,"stated by Polaron, not image-verified",unreviewed
embedding PC 16,F05_c2_count_density_per_Mpx,measurement,-0.0814516129,0.6471764118,0.9515242379,0.9960758564,45629944e398,0517998,31,True,"stated by Polaron, not image-verified",unreviewed
embedding PC 16,F06_c2_clark_evans_R,measurement,-0.1524193548,0.4127936032,0.8699650175,0.9960758564,45629944e398,0517998,31,True,"stated by Polaron, not image-verified",unreviewed
embedding PC 16,F07_c2_solidity_area_weighted_median,measurement,-0.272983871,0.1364317841,0.8699650175,0.9960758564,45629944e398,0517998,31,True,"stated by Polaron, not image-verified",unreviewed
embedding PC 16,F08_c0_local_thickness_median_px,measurement,-0.2065675293,0.2743628186,0.8699650175,0.9960758564,45629944e398,0517998,31,True,"stated by Polaron, not image-verified",unreviewed
embedding PC 16,F09_c0_chord_anisotropy_h_over_v,measurement,0.1241935484,0.4912543728,0.8699650175,0.9960758564,45629944e398,0517998,31,True,"stated by Polaron, not image-verified",unreviewed
embedding PC 16,F10_c0_fraction_iqr_512px,measurement,0.03306451613,0.8500749625,0.9715142429,0.9960758564,45629944e398,0517998,31,True,"stated by Polaron, not image-verified",unreviewed
embedding PC 16,F11_c2_perimeter_fraction_adjacent_c0,measurement,0.3153225806,0.07496251874,0.8699650175,0.9960758564,45629944e398,0517998,31,True,"stated by Polaron, not image-verified",unreviewed
embedding PC 17,curtaining_score_BSE,covariate,0.3657258065,0.03748125937,0.4264534399,0.8091273512,45629944e398,0517998,31,True,"stated by Polaron, not image-verified",unreviewed
embedding PC 17,edge_charging_BSE,covariate,-0.1633064516,0.3883058471,0.7766116942,0.9960758564,45629944e398,0517998,31,True,"stated by Polaron, not image-verified",unreviewed
embedding PC 17,edge_charging_Inlens,covariate,-0.3939516129,0.03248375812,0.4264534399,0.8091273512,45629944e398,0517998,31,True,"stated by Polaron, not image-verified",unreviewed
embedding PC 17,height,covariate,-0.2027944562,0.2748625687,0.7702815259,0.9960758564,45629944e398,0517998,31,True,"stated by Polaron, not image-verified",unreviewed
embedding PC 17,hstripe_score_BSE,covariate,0.1443548387,0.4272863568,0.8043037305,0.9960758564,45629944e398,0517998,31,True,"stated by Polaron, not image-verified",unreviewed
embedding PC 17,nm_per_px_if_tag_true,covariate,-0.05019263987,0.7906046977,0.9381975679,0.9960758564,45629944e398,0517998,31,True,"stated by Polaron, not image-verified",unreviewed
embedding PC 17,noise_sigma_BSE,covariate,-0.124231124,0.5012493753,0.8442094742,0.9960758564,45629944e398,0517998,31,True,"stated by Polaron, not image-verified",unreviewed
embedding PC 17,sharpness_BSE,covariate,-0.07983870968,0.664167916,0.9381975679,0.9960758564,45629944e398,0517998,31,True,"stated by Polaron, not image-verified",unreviewed
embedding PC 17,c0_cracklike_frac,kpi,0.3745967742,0.03998001,0.4264534399,0.8091273512,45629944e398,0517998,31,True,"stated by Polaron, not image-verified",unreviewed
embedding PC 17,c0_region_area_mean_px,kpi,0.3225806452,0.06696651674,0.4765617191,0.9960758564,45629944e398,0517998,31,True,"stated by Polaron, not image-verified",unreviewed
embedding PC 17,c0_region_eqdiam_median_px,kpi,0.09072580645,0.6306846577,0.9381975679,0.9960758564,45629944e398,0517998,31,True,"stated by Polaron, not image-verified",unreviewed
embedding PC 17,c1_flake_aspect_median,kpi,0.1947580645,0.2888555722,0.7702815259,0.9960758564,45629944e398,0517998,31,True,"stated by Polaron, not image-verified",unreviewed
embedding PC 17,c1_flake_eqdiam_median_px,kpi,-0.008064516129,0.9675162419,0.9870064968,0.9960758564,45629944e398,0517998,31,True,"stated by Polaron, not image-verified",unreviewed
embedding PC 17,c1_largest_component_frac,kpi,-0.3350806452,0.07446276862,0.4765617191,0.9960758564,45629944e398,0517998,31,True,"stated by Polaron, not image-verified",unreviewed
embedding PC 17,c2_count_density_per_Mpx,kpi,0.04798387097,0.7916041979,0.9381975679,0.9960758564,45629944e398,0517998,31,True,"stated by Polaron, not image-verified",unreviewed
embedding PC 17,c2_eqdiam_median_px,kpi,-0.05564516129,0.7796101949,0.9381975679,0.9960758564,45629944e398,0517998,31,True,"stated by Polaron, not image-verified",unreviewed
embedding PC 17,c2_eqdiam_p90_px,kpi,0.09233870968,0.6056971514,0.9381975679,0.9960758564,45629944e398,0517998,31,True,"stated by Polaron, not image-verified",unreviewed
embedding PC 17,c2_tpc_length_px,kpi,0.02137096774,0.9050474763,0.9870064968,0.9960758564,45629944e398,0517998,31,True,"stated by Polaron, not image-verified",unreviewed
embedding PC 17,frac_c0,kpi,0.1830645161,0.3303348326,0.7766116942,0.9960758564,45629944e398,0517998,31,True,"stated by Polaron, not image-verified",unreviewed
embedding PC 17,frac_c1,kpi,-0.1693548387,0.3688155922,0.7766116942,0.9960758564,45629944e398,0517998,31,True,"stated by Polaron, not image-verified",unreviewed
embedding PC 17,frac_c2,kpi,0.01612903226,0.9310344828,0.9870064968,0.9960758564,45629944e398,0517998,31,True,"stated by Polaron, not image-verified",unreviewed
embedding PC 17,F01_c0_area_fraction,measurement,0.1673387097,0.3493253373,0.7766116942,0.9960758564,45629944e398,0517998,31,True,"stated by Polaron, not image-verified",unreviewed
embedding PC 17,F02_c2_area_fraction,measurement,0.07177419355,0.6876561719,0.9381975679,0.9960758564,45629944e398,0517998,31,True,"stated by Polaron, not image-verified",unreviewed
embedding PC 17,F03_c2_eqdiam_median_px,measurement,0.01589004069,0.932033983,0.9870064968,0.9960758564,45629944e398,0517998,31,True,"stated by Polaron, not image-verified",unreviewed
embedding PC 17,F04_c2_eqdiam_p90_px,measurement,-0.2907258065,0.123938031,0.5517241379,0.9960758564,45629944e398,0517998,31,True,"stated by Polaron, not image-verified",unreviewed
embedding PC 17,F05_c2_count_density_per_Mpx,measurement,-0.002419354839,0.9870064968,0.9870064968,0.9960758564,45629944e398,0517998,31,True,"stated by Polaron, not image-verified",unreviewed
embedding PC 17,F06_c2_clark_evans_R,measurement,-0.2762096774,0.1379310345,0.5517241379,0.9960758564,45629944e398,0517998,31,True,"stated by Polaron, not image-verified",unreviewed
embedding PC 17,F07_c2_solidity_area_weighted_median,measurement,0.06169354839,0.7366316842,0.9381975679,0.9960758564,45629944e398,0517998,31,True,"stated by Polaron, not image-verified",unreviewed
embedding PC 17,F08_c0_local_thickness_median_px,measurement,0.1969984393,0.2828585707,0.7702815259,0.9960758564,45629944e398,0517998,31,True,"stated by Polaron, not image-verified",unreviewed
embedding PC 17,F09_c0_chord_anisotropy_h_over_v,measurement,0.2536290323,0.1729135432,0.6148037093,0.9960758564,45629944e398,0517998,31,True,"stated by Polaron, not image-verified",unreviewed
embedding PC 17,F10_c0_fraction_iqr_512px,measurement,0.2927419355,0.1114442779,0.5517241379,0.9960758564,45629944e398,0517998,31,True,"stated by Polaron, not image-verified",unreviewed
embedding PC 17,F11_c2_perimeter_fraction_adjacent_c0,measurement,0.1286290323,0.4712643678,0.8378033206,0.9960758564,45629944e398,0517998,31,True,"stated by Polaron, not image-verified",unreviewed
embedding PC 18,curtaining_score_BSE,covariate,0.102016129,0.6076961519,0.9890054973,0.9960758564,45629944e398,0517998,31,True,"stated by Polaron, not image-verified",unreviewed
embedding PC 18,edge_charging_BSE,covariate,-0.0125,0.9485257371,0.9890054973,0.9960758564,45629944e398,0517998,31,True,"stated by Polaron, not image-verified",unreviewed
embedding PC 18,edge_charging_Inlens,covariate,0.02258064516,0.9135432284,0.9890054973,0.9960758564,45629944e398,0517998,31,True,"stated by Polaron, not image-verified",unreviewed
embedding PC 18,height,covariate,-0.191055855,0.3148425787,0.9890054973,0.9960758564,45629944e398,0517998,31,True,"stated by Polaron, not image-verified",unreviewed
embedding PC 18,hstripe_score_BSE,covariate,0.03346774194,0.8490754623,0.9890054973,0.9960758564,45629944e398,0517998,31,True,"stated by Polaron, not image-verified",unreviewed
embedding PC 18,nm_per_px_if_tag_true,covariate,-0.005262131599,0.9770114943,0.9890054973,0.9960758564,45629944e398,0517998,31,True,"stated by Polaron, not image-verified",unreviewed
embedding PC 18,noise_sigma_BSE,covariate,-0.01835232513,0.9180409795,0.9890054973,0.9960758564,45629944e398,0517998,31,True,"stated by Polaron, not image-verified",unreviewed
embedding PC 18,sharpness_BSE,covariate,0.008870967742,0.964017991,0.9890054973,0.9960758564,45629944e398,0517998,31,True,"stated by Polaron, not image-verified",unreviewed
embedding PC 18,c0_cracklike_frac,kpi,0.03669354839,0.8445777111,0.9890054973,0.9960758564,45629944e398,0517998,31,True,"stated by Polaron, not image-verified",unreviewed
embedding PC 18,c0_region_area_mean_px,kpi,-0.127016129,0.4862568716,0.9890054973,0.9960758564,45629944e398,0517998,31,True,"stated by Polaron, not image-verified",unreviewed
embedding PC 18,c0_region_eqdiam_median_px,kpi,0.1245967742,0.5227386307,0.9890054973,0.9960758564,45629944e398,0517998,31,True,"stated by Polaron, not image-verified",unreviewed
embedding PC 18,c1_flake_aspect_median,kpi,0.1294354839,0.4882558721,0.9890054973,0.9960758564,45629944e398,0517998,31,True,"stated by Polaron, not image-verified",unreviewed
embedding PC 18,c1_flake_eqdiam_median_px,kpi,-0.02822580645,0.8845577211,0.9890054973,0.9960758564,45629944e398,0517998,31,True,"stated by Polaron, not image-verified",unreviewed
embedding PC 18,c1_largest_component_frac,kpi,-0.1177419355,0.5202398801,0.9890054973,0.9960758564,45629944e398,0517998,31,True,"stated by Polaron, not image-verified",unreviewed
embedding PC 18,c2_count_density_per_Mpx,kpi,0.002822580645,0.9890054973,0.9890054973,0.9960758564,45629944e398,0517998,31,True,"stated by Polaron, not image-verified",unreviewed
embedding PC 18,c2_eqdiam_median_px,kpi,-0.1213709677,0.5122438781,0.9890054973,0.9960758564,45629944e398,0517998,31,True,"stated by Polaron, not image-verified",unreviewed
embedding PC 18,c2_eqdiam_p90_px,kpi,-0.09959677419,0.5937031484,0.9890054973,0.9960758564,45629944e398,0517998,31,True,"stated by Polaron, not image-verified",unreviewed
embedding PC 18,c2_tpc_length_px,kpi,0.2814516129,0.123938031,0.9890054973,0.9960758564,45629944e398,0517998,31,True,"stated by Polaron, not image-verified",unreviewed
embedding PC 18,frac_c0,kpi,-0.02338709677,0.9035482259,0.9890054973,0.9960758564,45629944e398,0517998,31,True,"stated by Polaron, not image-verified",unreviewed
embedding PC 18,frac_c1,kpi,-0.1112903226,0.5552223888,0.9890054973,0.9960758564,45629944e398,0517998,31,True,"stated by Polaron, not image-verified",unreviewed
embedding PC 18,frac_c2,kpi,0.2552419355,0.1729135432,0.9890054973,0.9960758564,45629944e398,0517998,31,True,"stated by Polaron, not image-verified",unreviewed
embedding PC 18,F01_c0_area_fraction,measurement,0.02741935484,0.8945527236,0.9890054973,0.9960758564,45629944e398,0517998,31,True,"stated by Polaron, not image-verified",unreviewed
embedding PC 18,F02_c2_area_fraction,measurement,0.2657258065,0.1384307846,0.9890054973,0.9960758564,45629944e398,0517998,31,True,"stated by Polaron, not image-verified",unreviewed
embedding PC 18,F03_c2_eqdiam_median_px,measurement,-0.03748419854,0.8345827086,0.9890054973,0.9960758564,45629944e398,0517998,31,True,"stated by Polaron, not image-verified",unreviewed
embedding PC 18,F04_c2_eqdiam_p90_px,measurement,-0.02661290323,0.8795602199,0.9890054973,0.9960758564,45629944e398,0517998,31,True,"stated by Polaron, not image-verified",unreviewed
embedding PC 18,F05_c2_count_density_per_Mpx,measurement,-0.04274193548,0.8225887056,0.9890054973,0.9960758564,45629944e398,0517998,31,True,"stated by Polaron, not image-verified",unreviewed
embedding PC 18,F06_c2_clark_evans_R,measurement,0.05161290323,0.7971014493,0.9890054973,0.9960758564,45629944e398,0517998,31,True,"stated by Polaron, not image-verified",unreviewed
embedding PC 18,F07_c2_solidity_area_weighted_median,measurement,0.09112903226,0.6116941529,0.9890054973,0.9960758564,45629944e398,0517998,31,True,"stated by Polaron, not image-verified",unreviewed
embedding PC 18,F08_c0_local_thickness_median_px,measurement,-0.06677560614,0.724137931,0.9890054973,0.9960758564,45629944e398,0517998,31,True,"stated by Polaron, not image-verified",unreviewed
embedding PC 18,F09_c0_chord_anisotropy_h_over_v,measurement,-0.09153225806,0.6166916542,0.9890054973,0.9960758564,45629944e398,0517998,31,True,"stated by Polaron, not image-verified",unreviewed
embedding PC 18,F10_c0_fraction_iqr_512px,measurement,-0.1149193548,0.5302348826,0.9890054973,0.9960758564,45629944e398,0517998,31,True,"stated by Polaron, not image-verified",unreviewed
embedding PC 18,F11_c2_perimeter_fraction_adjacent_c0,measurement,0.08508064516,0.6576711644,0.9890054973,0.9960758564,45629944e398,0517998,31,True,"stated by Polaron, not image-verified",unreviewed
embedding PC 19,curtaining_score_BSE,covariate,-0.01491935484,0.9290354823,0.9700149925,0.9960758564,45629944e398,0517998,31,True,"stated by Polaron, not image-verified",unreviewed
embedding PC 19,edge_charging_BSE,covariate,-0.04314516129,0.820089955,0.9372456629,0.9960758564,45629944e398,0517998,31,True,"stated by Polaron, not image-verified",unreviewed
embedding PC 19,edge_charging_Inlens,covariate,-0.4060483871,0.02048975512,0.6556721639,0.613370734,45629944e398,0517998,31,True,"stated by Polaron, not image-verified",unreviewed
embedding PC 19,height,covariate,0.07245550433,0.6826586707,0.9372456629,0.9960758564,45629944e398,0517998,31,True,"stated by Polaron, not image-verified",unreviewed
embedding PC 19,hstripe_score_BSE,covariate,-0.08346774194,0.6461769115,0.9372456629,0.9960758564,45629944e398,0517998,31,True,"stated by Polaron, not image-verified",unreviewed
embedding PC 19,nm_per_px_if_tag_true,covariate,0.1299341726,0.4837581209,0.9372456629,0.9960758564,45629944e398,0517998,31,True,"stated by Polaron, not image-verified",unreviewed
embedding PC 19,noise_sigma_BSE,covariate,0.1310880367,0.4807596202,0.9372456629,0.9960758564,45629944e398,0517998,31,True,"stated by Polaron, not image-verified",unreviewed
embedding PC 19,sharpness_BSE,covariate,0.1274193548,0.4867566217,0.9372456629,0.9960758564,45629944e398,0517998,31,True,"stated by Polaron, not image-verified",unreviewed
embedding PC 19,c0_cracklike_frac,kpi,0.05564516129,0.7631184408,0.9372456629,0.9960758564,45629944e398,0517998,31,True,"stated by Polaron, not image-verified",unreviewed
embedding PC 19,c0_region_area_mean_px,kpi,0.06975806452,0.6906546727,0.9372456629,0.9960758564,45629944e398,0517998,31,True,"stated by Polaron, not image-verified",unreviewed
embedding PC 19,c0_region_eqdiam_median_px,kpi,0.06370967742,0.7371314343,0.9372456629,0.9960758564,45629944e398,0517998,31,True,"stated by Polaron, not image-verified",unreviewed
embedding PC 19,c1_flake_aspect_median,kpi,-0.006451612903,0.9700149925,0.9700149925,0.9960758564,45629944e398,0517998,31,True,"stated by Polaron, not image-verified",unreviewed
embedding PC 19,c1_flake_eqdiam_median_px,kpi,0.1403225806,0.4642678661,0.9372456629,0.9960758564,45629944e398,0517998,31,True,"stated by Polaron, not image-verified",unreviewed
embedding PC 19,c1_largest_component_frac,kpi,-0.009274193548,0.9610194903,0.9700149925,0.9960758564,45629944e398,0517998,31,True,"stated by Polaron, not image-verified",unreviewed
embedding PC 19,c2_count_density_per_Mpx,kpi,-0.04193548387,0.8190904548,0.9372456629,0.9960758564,45629944e398,0517998,31,True,"stated by Polaron, not image-verified",unreviewed
embedding PC 19,c2_eqdiam_median_px,kpi,-0.05806451613,0.7546226887,0.9372456629,0.9960758564,45629944e398,0517998,31,True,"stated by Polaron, not image-verified",unreviewed
embedding PC 19,c2_eqdiam_p90_px,kpi,-0.1129032258,0.5272363818,0.9372456629,0.9960758564,45629944e398,0517998,31,True,"stated by Polaron, not image-verified",unreviewed
embedding PC 19,c2_tpc_length_px,kpi,0.2810483871,0.123938031,0.9372456629,0.9960758564,45629944e398,0517998,31,True,"stated by Polaron, not image-verified",unreviewed
embedding PC 19,frac_c0,kpi,0.05403225806,0.7626186907,0.9372456629,0.9960758564,45629944e398,0517998,31,True,"stated by Polaron, not image-verified",unreviewed
embedding PC 19,frac_c1,kpi,-0.1568548387,0.4217891054,0.9372456629,0.9960758564,45629944e398,0517998,31,True,"stated by Polaron, not image-verified",unreviewed
embedding PC 19,frac_c2,kpi,0.09314516129,0.6061969015,0.9372456629,0.9960758564,45629944e398,0517998,31,True,"stated by Polaron, not image-verified",unreviewed
embedding PC 19,F01_c0_area_fraction,measurement,0.1471774194,0.4137931034,0.9372456629,0.9960758564,45629944e398,0517998,31,True,"stated by Polaron, not image-verified",unreviewed
embedding PC 19,F02_c2_area_fraction,measurement,0.09314516129,0.6106946527,0.9372456629,0.9960758564,45629944e398,0517998,31,True,"stated by Polaron, not image-verified",unreviewed
embedding PC 19,F03_c2_eqdiam_median_px,measurement,-0.1297686656,0.4872563718,0.9372456629,0.9960758564,45629944e398,0517998,31,True,"stated by Polaron, not image-verified",unreviewed
embedding PC 19,F04_c2_eqdiam_p90_px,measurement,0.1052419355,0.5592203898,0.9372456629,0.9960758564,45629944e398,0517998,31,True,"stated by Polaron, not image-verified",unreviewed
embedding PC 19,F05_c2_count_density_per_Mpx,measurement,-0.09475806452,0.5997001499,0.9372456629,0.9960758564,45629944e398,0517998,31,True,"stated by Polaron, not image-verified",unreviewed
embedding PC 19,F06_c2_clark_evans_R,measurement,0.1088709677,0.5397301349,0.9372456629,0.9960758564,45629944e398,0517998,31,True,"stated by Polaron, not image-verified",unreviewed
embedding PC 19,F07_c2_solidity_area_weighted_median,measurement,0.1217741935,0.5072463768,0.9372456629,0.9960758564,45629944e398,0517998,31,True,"stated by Polaron, not image-verified",unreviewed
embedding PC 19,F08_c0_local_thickness_median_px,measurement,0.08237738328,0.6736631684,0.9372456629,0.9960758564,45629944e398,0517998,31,True,"stated by Polaron, not image-verified",unreviewed
embedding PC 19,F09_c0_chord_anisotropy_h_over_v,measurement,-0.09596774194,0.6231884058,0.9372456629,0.9960758564,45629944e398,0517998,31,True,"stated by Polaron, not image-verified",unreviewed
embedding PC 19,F10_c0_fraction_iqr_512px,measurement,-0.01612903226,0.9325337331,0.9700149925,0.9960758564,45629944e398,0517998,31,True,"stated by Polaron, not image-verified",unreviewed
embedding PC 19,F11_c2_perimeter_fraction_adjacent_c0,measurement,-0.1366935484,0.4527736132,0.9372456629,0.9960758564,45629944e398,0517998,31,True,"stated by Polaron, not image-verified",unreviewed
embedding PC 20,curtaining_score_BSE,covariate,0.09838709677,0.5802098951,0.9123057519,0.9960758564,45629944e398,0517998,31,True,"stated by Polaron, not image-verified",unreviewed
embedding PC 20,edge_charging_BSE,covariate,0.1044354839,0.5952023988,0.9123057519,0.9960758564,45629944e398,0517998,31,True,"stated by Polaron, not image-verified",unreviewed
embedding PC 20,edge_charging_Inlens,covariate,-0.1342741935,0.4542728636,0.9123057519,0.9960758564,45629944e398,0517998,31,True,"stated by Polaron, not image-verified",unreviewed
embedding PC 20,height,covariate,-0.1718288357,0.3513243378,0.9123057519,0.9960758564,45629944e398,0517998,31,True,"stated by Polaron, not image-verified",unreviewed
embedding PC 20,hstripe_score_BSE,covariate,0.2508064516,0.1614192904,0.8766525828,0.9960758564,45629944e398,0517998,31,True,"stated by Polaron, not image-verified",unreviewed
embedding PC 20,nm_per_px_if_tag_true,covariate,0.00910753546,0.9665167416,0.9875062469,0.9960758564,45629944e398,0517998,31,True,"stated by Polaron, not image-verified",unreviewed
embedding PC 20,noise_sigma_BSE,covariate,-0.1006352774,0.5987006497,0.9123057519,0.9960758564,45629944e398,0517998,31,True,"stated by Polaron, not image-verified",unreviewed
embedding PC 20,sharpness_BSE,covariate,-0.07580645161,0.6821589205,0.9322005664,0.9960758564,45629944e398,0517998,31,True,"stated by Polaron, not image-verified",unreviewed
embedding PC 20,c0_cracklike_frac,kpi,0.3262096774,0.07096451774,0.8766525828,0.9960758564,45629944e398,0517998,31,True,"stated by Polaron, not image-verified",unreviewed
embedding PC 20,c0_region_area_mean_px,kpi,-0.03266129032,0.8510744628,0.9875062469,0.9960758564,45629944e398,0517998,31,True,"stated by Polaron, not image-verified",unreviewed
embedding PC 20,c0_region_eqdiam_median_px,kpi,0.1975806452,0.2948525737,0.8766525828,0.9960758564,45629944e398,0517998,31,True,"stated by Polaron, not image-verified",unreviewed
embedding PC 20,c1_flake_aspect_median,kpi,0.2153225806,0.2548725637,0.8766525828,0.9960758564,45629944e398,0517998,31,True,"stated by Polaron, not image-verified",unreviewed
embedding PC 20,c1_flake_eqdiam_median_px,kpi,-0.2036290323,0.2703648176,0.8766525828,0.9960758564,45629944e398,0517998,31,True,"stated by Polaron, not image-verified",unreviewed
embedding PC 20,c1_largest_component_frac,kpi,0.2080645161,0.259870065,0.8766525828,0.9960758564,45629944e398,0517998,31,True,"stated by Polaron, not image-verified",unreviewed
embedding PC 20,c2_count_density_per_Mpx,kpi,0.01330645161,0.9470264868,0.9875062469,0.9960758564,45629944e398,0517998,31,True,"stated by Polaron, not image-verified",unreviewed
embedding PC 20,c2_eqdiam_median_px,kpi,0.07056451613,0.6991504248,0.9322005664,0.9960758564,45629944e398,0517998,31,True,"stated by Polaron, not image-verified",unreviewed
embedding PC 20,c2_eqdiam_p90_px,kpi,0.01129032258,0.9505247376,0.9875062469,0.9960758564,45629944e398,0517998,31,True,"stated by Polaron, not image-verified",unreviewed
embedding PC 20,c2_tpc_length_px,kpi,0.1149193548,0.5422288856,0.9123057519,0.9960758564,45629944e398,0517998,31,True,"stated by Polaron, not image-verified",unreviewed
embedding PC 20,frac_c0,kpi,-0.1165322581,0.5422288856,0.9123057519,0.9960758564,45629944e398,0517998,31,True,"stated by Polaron, not image-verified",unreviewed
embedding PC 20,frac_c1,kpi,0.1024193548,0.5857071464,0.9123057519,0.9960758564,45629944e398,0517998,31,True,"stated by Polaron, not image-verified",unreviewed
embedding PC 20,frac_c2,kpi,-0.003629032258,0.9875062469,0.9875062469,0.9960758564,45629944e398,0517998,31,True,"stated by Polaron, not image-verified",unreviewed
embedding PC 20,F01_c0_area_fraction,measurement,-0.1366935484,0.4607696152,0.9123057519,0.9960758564,45629944e398,0517998,31,True,"stated by Polaron, not image-verified",unreviewed
embedding PC 20,F02_c2_area_fraction,measurement,-0.04072580645,0.8310844578,0.9875062469,0.9960758564,45629944e398,0517998,31,True,"stated by Polaron, not image-verified",unreviewed
embedding PC 20,F03_c2_eqdiam_median_px,measurement,0.2116634907,0.23988006,0.8766525828,0.9960758564,45629944e398,0517998,31,True,"stated by Polaron, not image-verified",unreviewed
embedding PC 20,F04_c2_eqdiam_p90_px,measurement,0.2225806452,0.2343828086,0.8766525828,0.9960758564,45629944e398,0517998,31,True,"stated by Polaron, not image-verified",unreviewed
embedding PC 20,F05_c2_count_density_per_Mpx,measurement,0.01370967742,0.9420289855,0.9875062469,0.9960758564,45629944e398,0517998,31,True,"stated by Polaron, not image-verified",unreviewed
embedding PC 20,F06_c2_clark_evans_R,measurement,0.2004032258,0.2858570715,0.8766525828,0.9960758564,45629944e398,0517998,31,True,"stated by Polaron, not image-verified",unreviewed
embedding PC 20,F07_c2_solidity_area_weighted_median,measurement,0.07741935484,0.6611694153,0.9322005664,0.9960758564,45629944e398,0517998,31,True,"stated by Polaron, not image-verified",unreviewed
embedding PC 20,F08_c0_local_thickness_median_px,measurement,-0.1834768991,0.3013493253,0.8766525828,0.9960758564,45629944e398,0517998,31,True,"stated by Polaron, not image-verified",unreviewed
embedding PC 20,F09_c0_chord_anisotropy_h_over_v,measurement,0.05241935484,0.7756121939,0.9875062469,0.9960758564,45629944e398,0517998,31,True,"stated by Polaron, not image-verified",unreviewed
embedding PC 20,F10_c0_fraction_iqr_512px,measurement,-0.3641129032,0.04297851074,0.8766525828,0.8139603668,45629944e398,0517998,31,True,"stated by Polaron, not image-verified",unreviewed
embedding PC 20,F11_c2_perimeter_fraction_adjacent_c0,measurement,-0.1028225806,0.5837081459,0.9123057519,0.9960758564,45629944e398,0517998,31,True,"stated by Polaron, not image-verified",unreviewed
embedding PC 21,curtaining_score_BSE,covariate,-0.1991935484,0.2793603198,0.9332476619,0.9960758564,45629944e398,0517998,31,True,"stated by Polaron, not image-verified",unreviewed
embedding PC 21,edge_charging_BSE,covariate,0.3237903226,0.08395802099,0.6836581709,0.9960758564,45629944e398,0517998,31,True,"stated by Polaron, not image-verified",unreviewed
embedding PC 21,edge_charging_Inlens,covariate,0.1608870968,0.3953023488,0.9332476619,0.9960758564,45629944e398,0517998,31,True,"stated by Polaron, not image-verified",unreviewed
embedding PC 21,height,covariate,-0.04472811859,0.8005997001,0.9900049975,0.9960758564,45629944e398,0517998,31,True,"stated by Polaron, not image-verified",unreviewed
embedding PC 21,hstripe_score_BSE,covariate,-0.09032258065,0.6431784108,0.9800813879,0.9960758564,45629944e398,0517998,31,True,"stated by Polaron, not image-verified",unreviewed
embedding PC 21,nm_per_px_if_tag_true,covariate,-0.06861010047,0.7076461769,0.9845512027,0.9960758564,45629944e398,0517998,31,True,"stated by Polaron, not image-verified",unreviewed
embedding PC 21,noise_sigma_BSE,covariate,0.1121306898,0.5212393803,0.9800813879,0.9960758564,45629944e398,0517998,31,True,"stated by Polaron, not image-verified",unreviewed
embedding PC 21,sharpness_BSE,covariate,0.07580645161,0.6916541729,0.9845512027,0.9960758564,45629944e398,0517998,31,True,"stated by Polaron, not image-verified",unreviewed
embedding PC 21,c0_cracklike_frac,kpi,-0.02661290323,0.8775612194,0.9900049975,0.9960758564,45629944e398,0517998,31,True,"stated by Polaron, not image-verified",unreviewed
embedding PC 21,c0_region_area_mean_px,kpi,-0.2072580645,0.2708645677,0.9332476619,0.9960758564,45629944e398,0517998,31,True,"stated by Polaron, not image-verified",unreviewed
embedding PC 21,c0_region_eqdiam_median_px,kpi,0.05564516129,0.7606196902,0.9900049975,0.9960758564,45629944e398,0517998,31,True,"stated by Polaron, not image-verified",unreviewed
embedding PC 21,c1_flake_aspect_median,kpi,0.1217741935,0.4997501249,0.9800813879,0.9960758564,45629944e398,0517998,31,True,"stated by Polaron, not image-verified",unreviewed
embedding PC 21,c1_flake_eqdiam_median_px,kpi,-0.1056451613,0.5712143928,0.9800813879,0.9960758564,45629944e398,0517998,31,True,"stated by Polaron, not image-verified",unreviewed
embedding PC 21,c1_largest_component_frac,kpi,0.1987903226,0.2863568216,0.9332476619,0.9960758564,45629944e398,0517998,31,True,"stated by Polaron, not image-verified",unreviewed
embedding PC 21,c2_count_density_per_Mpx,kpi,-0.1790322581,0.343828086,0.9332476619,0.9960758564,45629944e398,0517998,31,True,"stated by Polaron, not image-verified",unreviewed
embedding PC 21,c2_eqdiam_median_px,kpi,0.02822580645,0.8670664668,0.9900049975,0.9960758564,45629944e398,0517998,31,True,"stated by Polaron, not image-verified",unreviewed
embedding PC 21,c2_eqdiam_p90_px,kpi,0.007661290323,0.9695152424,0.9900049975,0.9960758564,45629944e398,0517998,31,True,"stated by Polaron, not image-verified",unreviewed
embedding PC 21,c2_tpc_length_px,kpi,0.1588709677,0.3788105947,0.9332476619,0.9960758564,45629944e398,0517998,31,True,"stated by Polaron, not image-verified",unreviewed
embedding PC 21,frac_c0,kpi,-0.1641129032,0.3603198401,0.9332476619,0.9960758564,45629944e398,0517998,31,True,"stated by Polaron, not image-verified",unreviewed
embedding PC 21,frac_c1,kpi,0.2987903226,0.1069465267,0.6844577711,0.9960758564,45629944e398,0517998,31,True,"stated by Polaron, not image-verified",unreviewed
embedding PC 21,frac_c2,kpi,-0.3185483871,0.08095952024,0.6836581709,0.9960758564,45629944e398,0517998,31,True,"stated by Polaron, not image-verified",unreviewed
embedding PC 21,F01_c0_area_fraction,measurement,-0.08629032258,0.6316841579,0.9800813879,0.9960758564,45629944e398,0517998,31,True,"stated by Polaron, not image-verified",unreviewed
embedding PC 21,F02_c2_area_fraction,measurement,-0.3076612903,0.08545727136,0.6836581709,0.9960758564,45629944e398,0517998,31,True,"stated by Polaron, not image-verified",unreviewed
embedding PC 21,F03_c2_eqdiam_median_px,measurement,0.004278087877,0.9780109945,0.9900049975,0.9960758564,45629944e398,0517998,31,True,"stated by Polaron, not image-verified",unreviewed
embedding PC 21,F04_c2_eqdiam_p90_px,measurement,-0.002822580645,0.9900049975,0.9900049975,0.9960758564,45629944e398,0517998,31,True,"stated by Polaron, not image-verified",unreviewed
embedding PC 21,F05_c2_count_density_per_Mpx,measurement,-0.1552419355,0.4082958521,0.9332476619,0.9960758564,45629944e398,0517998,31,True,"stated by Polaron, not image-verified",unreviewed
embedding PC 21,F06_c2_clark_evans_R,measurement,-0.009274193548,0.9605197401,0.9900049975,0.9960758564,45629944e398,0517998,31,True,"stated by Polaron, not image-verified",unreviewed
embedding PC 21,F07_c2_solidity_area_weighted_median,measurement,0.3435483871,0.05797101449,0.6836581709,0.9435282359,45629944e398,0517998,31,True,"stated by Polaron, not image-verified",unreviewed
embedding PC 21,F08_c0_local_thickness_median_px,measurement,-0.1707874537,0.3698150925,0.9332476619,0.9960758564,45629944e398,0517998,31,True,"stated by Polaron, not image-verified",unreviewed
embedding PC 21,F09_c0_chord_anisotropy_h_over_v,measurement,0.09475806452,0.6096951524,0.9800813879,0.9960758564,45629944e398,0517998,31,True,"stated by Polaron, not image-verified",unreviewed
embedding PC 21,F10_c0_fraction_iqr_512px,measurement,-0.009274193548,0.9635182409,0.9900049975,0.9960758564,45629944e398,0517998,31,True,"stated by Polaron, not image-verified",unreviewed
embedding PC 21,F11_c2_perimeter_fraction_adjacent_c0,measurement,-0.1399193548,0.4687656172,0.9800813879,0.9960758564,45629944e398,0517998,31,True,"stated by Polaron, not image-verified",unreviewed
embedding PC 22,curtaining_score_BSE,covariate,0.08185483871,0.6616691654,0.9410679276,0.9960758564,45629944e398,0517998,31,True,"stated by Polaron, not image-verified",unreviewed
embedding PC 22,edge_charging_BSE,covariate,0.0689516129,0.7046476762,0.9410679276,0.9960758564,45629944e398,0517998,31,True,"stated by Polaron, not image-verified",unreviewed
embedding PC 22,edge_charging_Inlens,covariate,0.05846774194,0.752123938,0.9410679276,0.9960758564,45629944e398,0517998,31,True,"stated by Polaron, not image-verified",unreviewed
embedding PC 22,height,covariate,0.06840771079,0.708145927,0.9410679276,0.9960758564,45629944e398,0517998,31,True,"stated by Polaron, not image-verified",unreviewed
embedding PC 22,hstripe_score_BSE,covariate,0.01572580645,0.936031984,0.9895052474,0.9960758564,45629944e398,0517998,31,True,"stated by Polaron, not image-verified",unreviewed
embedding PC 22,nm_per_px_if_tag_true,covariate,-0.08864667848,0.6266866567,0.9410679276,0.9960758564,45629944e398,0517998,31,True,"stated by Polaron, not image-verified",unreviewed
embedding PC 22,noise_sigma_BSE,covariate,-0.07260260492,0.6931534233,0.9410679276,0.9960758564,45629944e398,0517998,31,True,"stated by Polaron, not image-verified",unreviewed
embedding PC 22,sharpness_BSE,covariate,-0.08629032258,0.6391804098,0.9410679276,0.9960758564,45629944e398,0517998,31,True,"stated by Polaron, not image-verified",unreviewed
embedding PC 22,c0_cracklike_frac,kpi,-0.1697580645,0.3633183408,0.9410679276,0.9960758564,45629944e398,0517998,31,True,"stated by Polaron, not image-verified",unreviewed
embedding PC 22,c0_region_area_mean_px,kpi,0.06048387097,0.7411294353,0.9410679276,0.9960758564,45629944e398,0517998,31,True,"stated by Polaron, not image-verified",unreviewed
embedding PC 22,c0_region_eqdiam_median_px,kpi,-0.07943548387,0.6591704148,0.9410679276,0.9960758564,45629944e398,0517998,31,True,"stated by Polaron, not image-verified",unreviewed
embedding PC 22,c1_flake_aspect_median,kpi,0.08387096774,0.6491754123,0.9410679276,0.9960758564,45629944e398,0517998,31,True,"stated by Polaron, not image-verified",unreviewed
embedding PC 22,c1_flake_eqdiam_median_px,kpi,-0.07379032258,0.7056471764,0.9410679276,0.9960758564,45629944e398,0517998,31,True,"stated by Polaron, not image-verified",unreviewed
embedding PC 22,c1_largest_component_frac,kpi,-0.2137096774,0.2498750625,0.9410679276,0.9960758564,45629944e398,0517998,31,True,"stated by Polaron, not image-verified",unreviewed
embedding PC 22,c2_count_density_per_Mpx,kpi,0.1298387097,0.4887556222,0.9410679276,0.9960758564,45629944e398,0517998,31,True,"stated by Polaron, not image-verified",unreviewed
embedding PC 22,c2_eqdiam_median_px,kpi,-0.03669354839,0.8330834583,0.9520953809,0.9960758564,45629944e398,0517998,31,True,"stated by Polaron, not image-verified",unreviewed
embedding PC 22,c2_eqdiam_p90_px,kpi,-0.1516129032,0.4202898551,0.9410679276,0.9960758564,45629944e398,0517998,31,True,"stated by Polaron, not image-verified",unreviewed
embedding PC 22,c2_tpc_length_px,kpi,-0.05766129032,0.7646176912,0.9410679276,0.9960758564,45629944e398,0517998,31,True,"stated by Polaron, not image-verified",unreviewed
embedding PC 22,frac_c0,kpi,0.03991935484,0.8315842079,0.9520953809,0.9960758564,45629944e398,0517998,31,True,"stated by Polaron, not image-verified",unreviewed
embedding PC 22,frac_c1,kpi,-0.07822580645,0.6576711644,0.9410679276,0.9960758564,45629944e398,0517998,31,True,"stated by Polaron, not image-verified",unreviewed
embedding PC 22,frac_c2,kpi,0.08346774194,0.652173913,0.9410679276,0.9960758564,45629944e398,0517998,31,True,"stated by Polaron, not image-verified",unreviewed
embedding PC 22,F01_c0_area_fraction,measurement,0.1326612903,0.4717641179,0.9410679276,0.9960758564,45629944e398,0517998,31,True,"stated by Polaron, not image-verified",unreviewed
embedding PC 22,F02_c2_area_fraction,measurement,0.1334677419,0.4787606197,0.9410679276,0.9960758564,45629944e398,0517998,31,True,"stated by Polaron, not image-verified",unreviewed
embedding PC 22,F03_c2_eqdiam_median_px,measurement,-0.003259495525,0.9850074963,0.9895052474,0.9960758564,45629944e398,0517998,31,True,"stated by Polaron, not image-verified",unreviewed
embedding PC 22,F04_c2_eqdiam_p90_px,measurement,-0.1653225806,0.3583208396,0.9410679276,0.9960758564,45629944e398,0517998,31,True,"stated by Polaron, not image-verified",unreviewed
embedding PC 22,F05_c2_count_density_per_Mpx,measurement,0.01532258065,0.9275362319,0.9895052474,0.9960758564,45629944e398,0517998,31,True,"stated by Polaron, not image-verified",unreviewed
embedding PC 22,F06_c2_clark_evans_R,measurement,-0.1560483871,0.4077961019,0.9410679276,0.9960758564,45629944e398,0517998,31,True,"stated by Polaron, not image-verified",unreviewed
embedding PC 22,F07_c2_solidity_area_weighted_median,measurement,-0.1245967742,0.5132433783,0.9410679276,0.9960758564,45629944e398,0517998,31,True,"stated by Polaron, not image-verified",unreviewed
embedding PC 22,F08_c0_local_thickness_median_px,measurement,0.002496284342,0.9895052474,0.9895052474,0.9960758564,45629944e398,0517998,31,True,"stated by Polaron, not image-verified",unreviewed
embedding PC 22,F09_c0_chord_anisotropy_h_over_v,measurement,0.09274193548,0.5952023988,0.9410679276,0.9960758564,45629944e398,0517998,31,True,"stated by Polaron, not image-verified",unreviewed
embedding PC 22,F10_c0_fraction_iqr_512px,measurement,-0.1685483871,0.3668165917,0.9410679276,0.9960758564,45629944e398,0517998,31,True,"stated by Polaron, not image-verified",unreviewed
embedding PC 22,F11_c2_perimeter_fraction_adjacent_c0,measurement,0.3120967742,0.08195902049,0.9410679276,0.9960758564,45629944e398,0517998,31,True,"stated by Polaron, not image-verified",unreviewed
embedding PC 23,curtaining_score_BSE,covariate,-0.02137096774,0.9030484758,0.9225387306,0.9960758564,45629944e398,0517998,31,True,"stated by Polaron, not image-verified",unreviewed
embedding PC 23,edge_charging_BSE,covariate,0.02459677419,0.9010494753,0.9225387306,0.9960758564,45629944e398,0517998,31,True,"stated by Polaron, not image-verified",unreviewed
embedding PC 23,edge_charging_Inlens,covariate,0.1834677419,0.3243378311,0.9225387306,0.9960758564,45629944e398,0517998,31,True,"stated by Polaron, not image-verified",unreviewed
embedding PC 23,height,covariate,-0.06334796887,0.7326336832,0.9225387306,0.9960758564,45629944e398,0517998,31,True,"stated by Polaron, not image-verified",unreviewed
embedding PC 23,hstripe_score_BSE,covariate,0.1758064516,0.3448275862,0.9225387306,0.9960758564,45629944e398,0517998,31,True,"stated by Polaron, not image-verified",unreviewed
embedding PC 23,nm_per_px_if_tag_true,covariate,0.04715679472,0.8125937031,0.9225387306,0.9960758564,45629944e398,0517998,31,True,"stated by Polaron, not image-verified",unreviewed
embedding PC 23,noise_sigma_BSE,covariate,0.01895734684,0.9110444778,0.9225387306,0.9960758564,45629944e398,0517998,31,True,"stated by Polaron, not image-verified",unreviewed
embedding PC 23,sharpness_BSE,covariate,0.02580645161,0.8830584708,0.9225387306,0.9960758564,45629944e398,0517998,31,True,"stated by Polaron, not image-verified",unreviewed
embedding PC 23,c0_cracklike_frac,kpi,0.07137096774,0.7026486757,0.9225387306,0.9960758564,45629944e398,0517998,31,True,"stated by Polaron, not image-verified",unreviewed
embedding PC 23,c0_region_area_mean_px,kpi,0.09516129032,0.6176911544,0.9225387306,0.9960758564,45629944e398,0517998,31,True,"stated by Polaron, not image-verified",unreviewed
embedding PC 23,c0_region_eqdiam_median_px,kpi,-0.1096774194,0.5597201399,0.9225387306,0.9960758564,45629944e398,0517998,31,True,"stated by Polaron, not image-verified",unreviewed
embedding PC 23,c1_flake_aspect_median,kpi,0.1681451613,0.3628185907,0.9225387306,0.9960758564,45629944e398,0517998,31,True,"stated by Polaron, not image-verified",unreviewed
embedding PC 23,c1_flake_eqdiam_median_px,kpi,-0.08467741935,0.6461769115,0.9225387306,0.9960758564,45629944e398,0517998,31,True,"stated by Polaron, not image-verified",unreviewed
embedding PC 23,c1_largest_component_frac,kpi,-0.1451612903,0.4297851074,0.9225387306,0.9960758564,45629944e398,0517998,31,True,"stated by Polaron, not image-verified",unreviewed
embedding PC 23,c2_count_density_per_Mpx,kpi,0.08306451613,0.6706646677,0.9225387306,0.9960758564,45629944e398,0517998,31,True,"stated by Polaron, not image-verified",unreviewed
embedding PC 23,c2_eqdiam_median_px,kpi,0.04677419355,0.8020989505,0.9225387306,0.9960758564,45629944e398,0517998,31,True,"stated by Polaron, not image-verified",unreviewed
embedding PC 23,c2_eqdiam_p90_px,kpi,0.09516129032,0.5947026487,0.9225387306,0.9960758564,45629944e398,0517998,31,True,"stated by Polaron, not image-verified",unreviewed
embedding PC 23,c2_tpc_length_px,kpi,-0.08830645161,0.628185907,0.9225387306,0.9960758564,45629944e398,0517998,31,True,"stated by Polaron, not image-verified",unreviewed
embedding PC 23,frac_c0,kpi,0.225,0.2168915542,0.9225387306,0.9960758564,45629944e398,0517998,31,True,"stated by Polaron, not image-verified",unreviewed
embedding PC 23,frac_c1,kpi,-0.2169354839,0.2443778111,0.9225387306,0.9960758564,45629944e398,0517998,31,True,"stated by Polaron, not image-verified",unreviewed
embedding PC 23,frac_c2,kpi,0.2403225806,0.1894052974,0.9225387306,0.9960758564,45629944e398,0517998,31,True,"stated by Polaron, not image-verified",unreviewed
embedding PC 23,F01_c0_area_fraction,measurement,0.1008064516,0.5707146427,0.9225387306,0.9960758564,45629944e398,0517998,31,True,"stated by Polaron, not image-verified",unreviewed
embedding PC 23,F02_c2_area_fraction,measurement,0.2221774194,0.247876062,0.9225387306,0.9960758564,45629944e398,0517998,31,True,"stated by Polaron, not image-verified",unreviewed
embedding PC 23,F03_c2_eqdiam_median_px,measurement,-0.1228422376,0.5147426287,0.9225387306,0.9960758564,45629944e398,0517998,31,True,"stated by Polaron, not image-verified",unreviewed
embedding PC 23,F04_c2_eqdiam_p90_px,measurement,0.02701612903,0.8850574713,0.9225387306,0.9960758564,45629944e398,0517998,31,True,"stated by Polaron, not image-verified",unreviewed
embedding PC 23,F05_c2_count_density_per_Mpx,measurement,0.08346774194,0.6526736632,0.9225387306,0.9960758564,45629944e398,0517998,31,True,"stated by Polaron, not image-verified",unreviewed
embedding PC 23,F06_c2_clark_evans_R,measurement,-0.01975806452,0.9225387306,0.9225387306,0.9960758564,45629944e398,0517998,31,True,"stated by Polaron, not image-verified",unreviewed
embedding PC 23,F07_c2_solidity_area_weighted_median,measurement,-0.1076612903,0.5717141429,0.9225387306,0.9960758564,45629944e398,0517998,31,True,"stated by Polaron, not image-verified",unreviewed
embedding PC 23,F08_c0_local_thickness_median_px,measurement,0.04826149727,0.7946026987,0.9225387306,0.9960758564,45629944e398,0517998,31,True,"stated by Polaron, not image-verified",unreviewed
embedding PC 23,F09_c0_chord_anisotropy_h_over_v,measurement,0.07983870968,0.6811594203,0.9225387306,0.9960758564,45629944e398,0517998,31,True,"stated by Polaron, not image-verified",unreviewed
embedding PC 23,F10_c0_fraction_iqr_512px,measurement,0.175,0.3373313343,0.9225387306,0.9960758564,45629944e398,0517998,31,True,"stated by Polaron, not image-verified",unreviewed
embedding PC 23,F11_c2_perimeter_fraction_adjacent_c0,measurement,0.1306451613,0.4637681159,0.9225387306,0.9960758564,45629944e398,0517998,31,True,"stated by Polaron, not image-verified",unreviewed
embedding PC 24,curtaining_score_BSE,covariate,-0.1713709677,0.347826087,0.9096251874,0.9960758564,45629944e398,0517998,31,True,"stated by Polaron, not image-verified",unreviewed
embedding PC 24,edge_charging_BSE,covariate,-0.1568548387,0.4082958521,0.9096251874,0.9960758564,45629944e398,0517998,31,True,"stated by Polaron, not image-verified",unreviewed
embedding PC 24,edge_charging_Inlens,covariate,-0.1475806452,0.4107946027,0.9096251874,0.9960758564,45629944e398,0517998,31,True,"stated by Polaron, not image-verified",unreviewed
embedding PC 24,height,covariate,0.04938308116,0.7851074463,0.9662860877,0.9960758564,45629944e398,0517998,31,True,"stated by Polaron, not image-verified",unreviewed
embedding PC 24,hstripe_score_BSE,covariate,-0.1,0.6026986507,0.9096251874,0.9960758564,45629944e398,0517998,31,True,"stated by Polaron, not image-verified",unreviewed
embedding PC 24,nm_per_px_if_tag_true,covariate,0.03278712766,0.8525737131,0.9940029985,0.9960758564,45629944e398,0517998,31,True,"stated by Polaron, not image-verified",unreviewed
embedding PC 24,noise_sigma_BSE,covariate,0.1520621225,0.4277861069,0.9096251874,0.9960758564,45629944e398,0517998,31,True,"stated by Polaron, not image-verified",unreviewed
embedding PC 24,sharpness_BSE,covariate,0.1491935484,0.4302848576,0.9096251874,0.9960758564,45629944e398,0517998,31,True,"stated by Polaron, not image-verified",unreviewed
embedding PC 24,c0_cracklike_frac,kpi,0.0810483871,0.668165917,0.9096251874,0.9960758564,45629944e398,0517998,31,True,"stated by Polaron, not image-verified",unreviewed
embedding PC 24,c0_region_area_mean_px,kpi,-0.0814516129,0.6626686657,0.9096251874,0.9960758564,45629944e398,0517998,31,True,"stated by Polaron, not image-verified",unreviewed
embedding PC 24,c0_region_eqdiam_median_px,kpi,0.1536290323,0.3978010995,0.9096251874,0.9960758564,45629944e398,0517998,31,True,"stated by Polaron, not image-verified",unreviewed
embedding PC 24,c1_flake_aspect_median,kpi,-0.07379032258,0.7066466767,0.9096251874,0.9960758564,45629944e398,0517998,31,True,"stated by Polaron, not image-verified",unreviewed
embedding PC 24,c1_flake_eqdiam_median_px,kpi,0.2173387097,0.2418790605,0.9096251874,0.9960758564,45629944e398,0517998,31,True,"stated by Polaron, not image-verified",unreviewed
embedding PC 24,c1_largest_component_frac,kpi,0.1346774194,0.4792603698,0.9096251874,0.9960758564,45629944e398,0517998,31,True,"stated by Polaron, not image-verified",unreviewed
embedding PC 24,c2_count_density_per_Mpx,kpi,-0.09193548387,0.6341829085,0.9096251874,0.9960758564,45629944e398,0517998,31,True,"stated by Polaron, not image-verified",unreviewed
embedding PC 24,c2_eqdiam_median_px,kpi,0.1681451613,0.3708145927,0.9096251874,0.9960758564,45629944e398,0517998,31,True,"stated by Polaron, not image-verified",unreviewed
embedding PC 24,c2_eqdiam_p90_px,kpi,0.1798387097,0.3248375812,0.9096251874,0.9960758564,45629944e398,0517998,31,True,"stated by Polaron, not image-verified",unreviewed
embedding PC 24,c2_tpc_length_px,kpi,0.075,0.7106446777,0.9096251874,0.9960758564,45629944e398,0517998,31,True,"stated by Polaron, not image-verified",unreviewed
embedding PC 24,frac_c0,kpi,-0.1512096774,0.4062968516,0.9096251874,0.9960758564,45629944e398,0517998,31,True,"stated by Polaron, not image-verified",unreviewed
embedding PC 24,frac_c1,kpi,0.09032258065,0.6331834083,0.9096251874,0.9960758564,45629944e398,0517998,31,True,"stated by Polaron, not image-verified",unreviewed
embedding PC 24,frac_c2,kpi,0.01411290323,0.9410294853,0.9940029985,0.9960758564,45629944e398,0517998,31,True,"stated by Polaron, not image-verified",unreviewed
embedding PC 24,F01_c0_area_fraction,measurement,-0.1560483871,0.4047976012,0.9096251874,0.9960758564,45629944e398,0517998,31,True,"stated by Polaron, not image-verified",unreviewed
embedding PC 24,F02_c2_area_fraction,measurement,-0.001612903226,0.9940029985,0.9940029985,0.9960758564,45629944e398,0517998,31,True,"stated by Polaron, not image-verified",unreviewed
embedding PC 24,F03_c2_eqdiam_median_px,measurement,0.00590783564,0.9745127436,0.9940029985,0.9960758564,45629944e398,0517998,31,True,"stated by Polaron, not image-verified",unreviewed
embedding PC 24,F04_c2_eqdiam_p90_px,measurement,0.2536290323,0.1684157921,0.9096251874,0.9960758564,45629944e398,0517998,31,True,"stated by Polaron, not image-verified",unreviewed
embedding PC 24,F05_c2_count_density_per_Mpx,measurement,-0.1040322581,0.5802098951,0.9096251874,0.9960758564,45629944e398,0517998,31,True,"stated by Polaron, not image-verified",unreviewed
embedding PC 24,F06_c2_clark_evans_R,measurement,-0.1411290323,0.4402798601,0.9096251874,0.9960758564,45629944e398,0517998,31,True,"stated by Polaron, not image-verified",unreviewed
embedding PC 24,F07_c2_solidity_area_weighted_median,measurement,-0.07620967742,0.6896551724,0.9096251874,0.9960758564,45629944e398,0517998,31,True,"stated by Polaron, not image-verified",unreviewed
embedding PC 24,F08_c0_local_thickness_median_px,measurement,-0.1537295107,0.3908045977,0.9096251874,0.9960758564,45629944e398,0517998,31,True,"stated by Polaron, not image-verified",unreviewed
embedding PC 24,F09_c0_chord_anisotropy_h_over_v,measurement,0.07177419355,0.6906546727,0.9096251874,0.9960758564,45629944e398,0517998,31,True,"stated by Polaron, not image-verified",unreviewed
embedding PC 24,F10_c0_fraction_iqr_512px,measurement,0.02096774194,0.9110444778,0.9940029985,0.9960758564,45629944e398,0517998,31,True,"stated by Polaron, not image-verified",unreviewed
embedding PC 24,F11_c2_perimeter_fraction_adjacent_c0,measurement,0.02258064516,0.8965517241,0.9940029985,0.9960758564,45629944e398,0517998,31,True,"stated by Polaron, not image-verified",unreviewed
embedding PC 25,curtaining_score_BSE,covariate,-0.08225806452,0.6576711644,0.9512043978,0.9960758564,45629944e398,0517998,31,True,"stated by Polaron, not image-verified",unreviewed
embedding PC 25,edge_charging_BSE,covariate,-0.09959677419,0.5902048976,0.9512043978,0.9960758564,45629944e398,0517998,31,True,"stated by Polaron, not image-verified",unreviewed
embedding PC 25,edge_charging_Inlens,covariate,-0.1629032258,0.3663168416,0.9512043978,0.9960758564,45629944e398,0517998,31,True,"stated by Polaron, not image-verified",unreviewed
embedding PC 25,height,covariate,0.07488418045,0.6776611694,0.9512043978,0.9960758564,45629944e398,0517998,31,True,"stated by Polaron, not image-verified",unreviewed
embedding PC 25,hstripe_score_BSE,covariate,0.08225806452,0.6566716642,0.9512043978,0.9960758564,45629944e398,0517998,31,True,"stated by Polaron, not image-verified",unreviewed
embedding PC 25,nm_per_px_if_tag_true,covariate,0.1299341726,0.4867566217,0.9512043978,0.9960758564,45629944e398,0517998,31,True,"stated by Polaron, not image-verified",unreviewed
embedding PC 25,noise_sigma_BSE,covariate,-0.01936069464,0.9230384808,0.9719011462,0.9960758564,45629944e398,0517998,31,True,"stated by Polaron, not image-verified",unreviewed
embedding PC 25,sharpness_BSE,covariate,-0.002822580645,0.9865067466,0.9865067466,0.9960758564,45629944e398,0517998,31,True,"stated by Polaron, not image-verified",unreviewed
embedding PC 25,c0_cracklike_frac,kpi,-0.01290322581,0.9415292354,0.9719011462,0.9960758564,45629944e398,0517998,31,True,"stated by Polaron, not image-verified",unreviewed
embedding PC 25,c0_region_area_mean_px,kpi,0.1971774194,0.2853573213,0.9512043978,0.9960758564,45629944e398,0517998,31,True,"stated by Polaron, not image-verified",unreviewed
embedding PC 25,c0_region_eqdiam_median_px,kpi,0.2987903226,0.09945027486,0.9512043978,0.9960758564,45629944e398,0517998,31,True,"stated by Polaron, not image-verified",unreviewed
embedding PC 25,c1_flake_aspect_median,kpi,-0.0314516129,0.8730634683,0.9719011462,0.9960758564,45629944e398,0517998,31,True,"stated by Polaron, not image-verified",unreviewed
embedding PC 25,c1_flake_eqdiam_median_px,kpi,-0.06088709677,0.7386306847,0.9512043978,0.9960758564,45629944e398,0517998,31,True,"stated by Polaron, not image-verified",unreviewed
embedding PC 25,c1_largest_component_frac,kpi,-0.06169354839,0.7216391804,0.9512043978,0.9960758564,45629944e398,0517998,31,True,"stated by Polaron, not image-verified",unreviewed
embedding PC 25,c2_count_density_per_Mpx,kpi,-0.08629032258,0.6356821589,0.9512043978,0.9960758564,45629944e398,0517998,31,True,"stated by Polaron, not image-verified",unreviewed
embedding PC 25,c2_eqdiam_median_px,kpi,-0.3951612903,0.027986007,0.7036481759,0.7638533674,45629944e398,0517998,31,True,"stated by Polaron, not image-verified",unreviewed
embedding PC 25,c2_eqdiam_p90_px,kpi,-0.07096774194,0.6936531734,0.9512043978,0.9960758564,45629944e398,0517998,31,True,"stated by Polaron, not image-verified",unreviewed
embedding PC 25,c2_tpc_length_px,kpi,0.02379032258,0.9015492254,0.9719011462,0.9960758564,45629944e398,0517998,31,True,"stated by Polaron, not image-verified",unreviewed
embedding PC 25,frac_c0,kpi,0.2072580645,0.2538730635,0.9512043978,0.9960758564,45629944e398,0517998,31,True,"stated by Polaron, not image-verified",unreviewed
embedding PC 25,frac_c1,kpi,-0.03709677419,0.8405797101,0.9719011462,0.9960758564,45629944e398,0517998,31,True,"stated by Polaron, not image-verified",unreviewed
embedding PC 25,frac_c2,kpi,-0.08629032258,0.6316841579,0.9512043978,0.9960758564,45629944e398,0517998,31,True,"stated by Polaron, not image-verified",unreviewed
embedding PC 25,F01_c0_area_fraction,measurement,0.2161290323,0.2448775612,0.9512043978,0.9960758564,45629944e398,0517998,31,True,"stated by Polaron, not image-verified",unreviewed
embedding PC 25,F02_c2_area_fraction,measurement,-0.08629032258,0.648175912,0.9512043978,0.9960758564,45629944e398,0517998,31,True,"stated by Polaron, not image-verified",unreviewed
embedding PC 25,F03_c2_eqdiam_median_px,measurement,-0.3528403906,0.04397801099,0.7036481759,0.8162318841,45629944e398,0517998,31,True,"stated by Polaron, not image-verified",unreviewed
embedding PC 25,F04_c2_eqdiam_p90_px,measurement,-0.1314516129,0.4882558721,0.9512043978,0.9960758564,45629944e398,0517998,31,True,"stated by Polaron, not image-verified",unreviewed
embedding PC 25,F05_c2_count_density_per_Mpx,measurement,-0.02943548387,0.8595702149,0.9719011462,0.9960758564,45629944e398,0517998,31,True,"stated by Polaron, not image-verified",unreviewed
embedding PC 25,F06_c2_clark_evans_R,measurement,0.06975806452,0.7221389305,0.9512043978,0.9960758564,45629944e398,0517998,31,True,"stated by Polaron, not image-verified",unreviewed
embedding PC 25,F07_c2_solidity_area_weighted_median,measurement,-0.1435483871,0.4412793603,0.9512043978,0.9960758564,45629944e398,0517998,31,True,"stated by Polaron, not image-verified",unreviewed
embedding PC 25,F08_c0_local_thickness_median_px,measurement,0.1967904156,0.2863568216,0.9512043978,0.9960758564,45629944e398,0517998,31,True,"stated by Polaron, not image-verified",unreviewed
embedding PC 25,F09_c0_chord_anisotropy_h_over_v,measurement,0.2068548387,0.2463768116,0.9512043978,0.9960758564,45629944e398,0517998,31,True,"stated by Polaron, not image-verified",unreviewed
embedding PC 25,F10_c0_fraction_iqr_512px,measurement,0.1983870968,0.2988505747,0.9512043978,0.9960758564,45629944e398,0517998,31,True,"stated by Polaron, not image-verified",unreviewed
embedding PC 25,F11_c2_perimeter_fraction_adjacent_c0,measurement,-0.06411290323,0.7431284358,0.9512043978,0.9960758564,45629944e398,0517998,31,True,"stated by Polaron, not image-verified",unreviewed
embedding PC 26,curtaining_score_BSE,covariate,-0.01975806452,0.9110444778,0.9900049975,0.9960758564,45629944e398,0517998,31,True,"stated by Polaron, not image-verified",unreviewed
embedding PC 26,edge_charging_BSE,covariate,-0.02540322581,0.8965517241,0.9900049975,0.9960758564,45629944e398,0517998,31,True,"stated by Polaron, not image-verified",unreviewed
embedding PC 26,edge_charging_Inlens,covariate,0.04032258065,0.8270864568,0.9900049975,0.9960758564,45629944e398,0517998,31,True,"stated by Polaron, not image-verified",unreviewed
embedding PC 26,height,covariate,0.003035845153,0.9900049975,0.9900049975,0.9960758564,45629944e398,0517998,31,True,"stated by Polaron, not image-verified",unreviewed
embedding PC 26,hstripe_score_BSE,covariate,-0.0375,0.8455772114,0.9900049975,0.9960758564,45629944e398,0517998,31,True,"stated by Polaron, not image-verified",unreviewed
embedding PC 26,nm_per_px_if_tag_true,covariate,-0.03622775216,0.8330834583,0.9900049975,0.9960758564,45629944e398,0517998,31,True,"stated by Polaron, not image-verified",unreviewed
embedding PC 26,noise_sigma_BSE,covariate,-0.04920843222,0.7936031984,0.9900049975,0.9960758564,45629944e398,0517998,31,True,"stated by Polaron, not image-verified",unreviewed
embedding PC 26,sharpness_BSE,covariate,-0.05846774194,0.7631184408,0.9900049975,0.9960758564,45629944e398,0517998,31,True,"stated by Polaron, not image-verified",unreviewed
embedding PC 26,c0_cracklike_frac,kpi,-0.04475806452,0.8060969515,0.9900049975,0.9960758564,45629944e398,0517998,31,True,"stated by Polaron, not image-verified",unreviewed
embedding PC 26,c0_region_area_mean_px,kpi,-0.09032258065,0.6346826587,0.9900049975,0.9960758564,45629944e398,0517998,31,True,"stated by Polaron, not image-verified",unreviewed
embedding PC 26,c0_region_eqdiam_median_px,kpi,-0.05524193548,0.7631184408,0.9900049975,0.9960758564,45629944e398,0517998,31,True,"stated by Polaron, not image-verified",unreviewed
embedding PC 26,c1_flake_aspect_median,kpi,0.1334677419,0.4812593703,0.9900049975,0.9960758564,45629944e398,0517998,31,True,"stated by Polaron, not image-verified",unreviewed
embedding PC 26,c1_flake_eqdiam_median_px,kpi,0.01048387097,0.9500249875,0.9900049975,0.9960758564,45629944e398,0517998,31,True,"stated by Polaron, not image-verified",unreviewed
embedding PC 26,c1_largest_component_frac,kpi,-0.08709677419,0.636181909,0.9900049975,0.9960758564,45629944e398,0517998,31,True,"stated by Polaron, not image-verified",unreviewed
embedding PC 26,c2_count_density_per_Mpx,kpi,-0.06653225806,0.7296351824,0.9900049975,0.9960758564,45629944e398,0517998,31,True,"stated by Polaron, not image-verified",unreviewed
embedding PC 26,c2_eqdiam_median_px,kpi,-0.06491935484,0.7266366817,0.9900049975,0.9960758564,45629944e398,0517998,31,True,"stated by Polaron, not image-verified",unreviewed
embedding PC 26,c2_eqdiam_p90_px,kpi,0.06975806452,0.6956521739,0.9900049975,0.9960758564,45629944e398,0517998,31,True,"stated by Polaron, not image-verified",unreviewed
embedding PC 26,c2_tpc_length_px,kpi,0.06975806452,0.7171414293,0.9900049975,0.9960758564,45629944e398,0517998,31,True,"stated by Polaron, not image-verified",unreviewed
embedding PC 26,frac_c0,kpi,-0.09717741935,0.5912043978,0.9900049975,0.9960758564,45629944e398,0517998,31,True,"stated by Polaron, not image-verified",unreviewed
embedding PC 26,frac_c1,kpi,-0.02540322581,0.8855572214,0.9900049975,0.9960758564,45629944e398,0517998,31,True,"stated by Polaron, not image-verified",unreviewed
embedding PC 26,frac_c2,kpi,0.1241935484,0.5227386307,0.9900049975,0.9960758564,45629944e398,0517998,31,True,"stated by Polaron, not image-verified",unreviewed
embedding PC 26,F01_c0_area_fraction,measurement,-0.1987903226,0.2888555722,0.9900049975,0.9960758564,45629944e398,0517998,31,True,"stated by Polaron, not image-verified",unreviewed
embedding PC 26,F02_c2_area_fraction,measurement,0.0875,0.6386806597,0.9900049975,0.9960758564,45629944e398,0517998,31,True,"stated by Polaron, not image-verified",unreviewed
embedding PC 26,F03_c2_eqdiam_median_px,measurement,-0.0611155411,0.7511244378,0.9900049975,0.9960758564,45629944e398,0517998,31,True,"stated by Polaron, not image-verified",unreviewed
embedding PC 26,F04_c2_eqdiam_p90_px,measurement,-0.1036290323,0.5762118941,0.9900049975,0.9960758564,45629944e398,0517998,31,True,"stated by Polaron, not image-verified",unreviewed
embedding PC 26,F05_c2_count_density_per_Mpx,measurement,-0.003225806452,0.9870064968,0.9900049975,0.9960758564,45629944e398,0517998,31,True,"stated by Polaron, not image-verified",unreviewed
embedding PC 26,F06_c2_clark_evans_R,measurement,-0.0810483871,0.6746626687,0.9900049975,0.9960758564,45629944e398,0517998,31,True,"stated by Polaron, not image-verified",unreviewed
embedding PC 26,F07_c2_solidity_area_weighted_median,measurement,-0.114516129,0.5307346327,0.9900049975,0.9960758564,45629944e398,0517998,31,True,"stated by Polaron, not image-verified",unreviewed
embedding PC 26,F08_c0_local_thickness_median_px,measurement,-0.1397919231,0.4432783608,0.9900049975,0.9960758564,45629944e398,0517998,31,True,"stated by Polaron, not image-verified",unreviewed
embedding PC 26,F09_c0_chord_anisotropy_h_over_v,measurement,-0.03024193548,0.8775612194,0.9900049975,0.9960758564,45629944e398,0517998,31,True,"stated by Polaron, not image-verified",unreviewed
embedding PC 26,F10_c0_fraction_iqr_512px,measurement,0.2838709677,0.1174412794,0.9900049975,0.9960758564,45629944e398,0517998,31,True,"stated by Polaron, not image-verified",unreviewed
embedding PC 26,F11_c2_perimeter_fraction_adjacent_c0,measurement,0.1782258065,0.3273363318,0.9900049975,0.9960758564,45629944e398,0517998,31,True,"stated by Polaron, not image-verified",unreviewed
embedding PC 27,curtaining_score_BSE,covariate,-0.1008064516,0.5742128936,0.9528569049,0.9960758564,45629944e398,0517998,31,True,"stated by Polaron, not image-verified",unreviewed
embedding PC 27,edge_charging_BSE,covariate,0.07056451613,0.696151924,0.9528569049,0.9960758564,45629944e398,0517998,31,True,"stated by Polaron, not image-verified",unreviewed
embedding PC 27,edge_charging_Inlens,covariate,0.3044354839,0.1044477761,0.8355822089,0.9960758564,45629944e398,0517998,31,True,"stated by Polaron, not image-verified",unreviewed
embedding PC 27,height,covariate,0.06780054176,0.7146426787,0.9528569049,0.9960758564,45629944e398,0517998,31,True,"stated by Polaron, not image-verified",unreviewed
embedding PC 27,hstripe_score_BSE,covariate,-0.0185483871,0.924037981,0.9856405131,0.9960758564,45629944e398,0517998,31,True,"stated by Polaron, not image-verified",unreviewed
embedding PC 27,nm_per_px_if_tag_true,covariate,-0.0236795922,0.8810594703,0.9744093471,0.9960758564,45629944e398,0517998,31,True,"stated by Polaron, not image-verified",unreviewed
embedding PC 27,noise_sigma_BSE,covariate,-0.05929212735,0.7566216892,0.9539845462,0.9960758564,45629944e398,0517998,31,True,"stated by Polaron, not image-verified",unreviewed
embedding PC 27,sharpness_BSE,covariate,-0.06814516129,0.7011494253,0.9528569049,0.9960758564,45629944e398,0517998,31,True,"stated by Polaron, not image-verified",unreviewed
embedding PC 27,c0_cracklike_frac,kpi,0.152016129,0.4177911044,0.9225387306,0.9960758564,45629944e398,0517998,31,True,"stated by Polaron, not image-verified",unreviewed
embedding PC 27,c0_region_area_mean_px,kpi,-0.1334677419,0.4587706147,0.9225387306,0.9960758564,45629944e398,0517998,31,True,"stated by Polaron, not image-verified",unreviewed
embedding PC 27,c0_region_eqdiam_median_px,kpi,-0.09596774194,0.6216891554,0.9528569049,0.9960758564,45629944e398,0517998,31,True,"stated by Polaron, not image-verified",unreviewed
embedding PC 27,c1_flake_aspect_median,kpi,-0.1362903226,0.4612693653,0.9225387306,0.9960758564,45629944e398,0517998,31,True,"stated by Polaron, not image-verified",unreviewed
embedding PC 27,c1_flake_eqdiam_median_px,kpi,0.1967741935,0.2843578211,0.9225387306,0.9960758564,45629944e398,0517998,31,True,"stated by Polaron, not image-verified",unreviewed
embedding PC 27,c1_largest_component_frac,kpi,0.1512096774,0.3888055972,0.9225387306,0.9960758564,45629944e398,0517998,31,True,"stated by Polaron, not image-verified",unreviewed
embedding PC 27,c2_count_density_per_Mpx,kpi,-0.1616935484,0.379810095,0.9225387306,0.9960758564,45629944e398,0517998,31,True,"stated by Polaron, not image-verified",unreviewed
embedding PC 27,c2_eqdiam_median_px,kpi,0.2987903226,0.09795102449,0.8355822089,0.9960758564,45629944e398,0517998,31,True,"stated by Polaron, not image-verified",unreviewed
embedding PC 27,c2_eqdiam_p90_px,kpi,0.1794354839,0.3488255872,0.9225387306,0.9960758564,45629944e398,0517998,31,True,"stated by Polaron, not image-verified",unreviewed
embedding PC 27,c2_tpc_length_px,kpi,-0.03225806452,0.8660669665,0.9744093471,0.9960758564,45629944e398,0517998,31,True,"stated by Polaron, not image-verified",unreviewed
embedding PC 27,frac_c0,kpi,-0.002419354839,0.9855072464,0.9950024988,0.9960758564,45629944e398,0517998,31,True,"stated by Polaron, not image-verified",unreviewed
embedding PC 27,frac_c1,kpi,0.147983871,0.4252873563,0.9225387306,0.9960758564,45629944e398,0517998,31,True,"stated by Polaron, not image-verified",unreviewed
embedding PC 27,frac_c2,kpi,-0.1713709677,0.3508245877,0.9225387306,0.9960758564,45629944e398,0517998,31,True,"stated by Polaron, not image-verified",unreviewed
embedding PC 27,F01_c0_area_fraction,measurement,-0.05161290323,0.7751124438,0.9539845462,0.9960758564,45629944e398,0517998,31,True,"stated by Polaron, not image-verified",unreviewed
embedding PC 27,F02_c2_area_fraction,measurement,-0.1741935484,0.3548225887,0.9225387306,0.9960758564,45629944e398,0517998,31,True,"stated by Polaron, not image-verified",unreviewed
embedding PC 27,F03_c2_eqdiam_median_px,measurement,0.3094483564,0.08745627186,0.8355822089,0.9960758564,45629944e398,0517998,31,True,"stated by Polaron, not image-verified",unreviewed
embedding PC 27,F04_c2_eqdiam_p90_px,measurement,0.3709677419,0.03898050975,0.8355822089,0.8091273512,45629944e398,0517998,31,True,"stated by Polaron, not image-verified",unreviewed
embedding PC 27,F05_c2_count_density_per_Mpx,measurement,-0.1584677419,0.3928035982,0.9225387306,0.9960758564,45629944e398,0517998,31,True,"stated by Polaron, not image-verified",unreviewed
embedding PC 27,F06_c2_clark_evans_R,measurement,-0.1120967742,0.5367316342,0.9528569049,0.9960758564,45629944e398,0517998,31,True,"stated by Polaron, not image-verified",unreviewed
embedding PC 27,F07_c2_solidity_area_weighted_median,measurement,0.06451612903,0.712143928,0.9528569049,0.9960758564,45629944e398,0517998,31,True,"stated by Polaron, not image-verified",unreviewed
embedding PC 27,F08_c0_local_thickness_median_px,measurement,-0.07613667242,0.6731634183,0.9528569049,0.9960758564,45629944e398,0517998,31,True,"stated by Polaron, not image-verified",unreviewed
embedding PC 27,F09_c0_chord_anisotropy_h_over_v,measurement,0.0008064516129,0.9950024988,0.9950024988,0.9960758564,45629944e398,0517998,31,True,"stated by Polaron, not image-verified",unreviewed
embedding PC 27,F10_c0_fraction_iqr_512px,measurement,-0.1967741935,0.287856072,0.9225387306,0.9960758564,45629944e398,0517998,31,True,"stated by Polaron, not image-verified",unreviewed
embedding PC 27,F11_c2_perimeter_fraction_adjacent_c0,measurement,-0.02701612903,0.8830584708,0.9744093471,0.9960758564,45629944e398,0517998,31,True,"stated by Polaron, not image-verified",unreviewed
embedding PC 28,curtaining_score_BSE,covariate,-0.004838709677,0.9795102449,0.9895052474,0.9960758564,45629944e398,0517998,31,True,"stated by Polaron, not image-verified",unreviewed
embedding PC 28,edge_charging_BSE,covariate,-0.260483871,0.1544227886,0.9895052474,0.9960758564,45629944e398,0517998,31,True,"stated by Polaron, not image-verified",unreviewed
embedding PC 28,edge_charging_Inlens,covariate,-0.1290322581,0.4922538731,0.9895052474,0.9960758564,45629944e398,0517998,31,True,"stated by Polaron, not image-verified",unreviewed
embedding PC 28,height,covariate,-0.09046818557,0.6151924038,0.9895052474,0.9960758564,45629944e398,0517998,31,True,"stated by Polaron, not image-verified",unreviewed
embedding PC 28,hstripe_score_BSE,covariate,0.05443548387,0.7726136932,0.9895052474,0.9960758564,45629944e398,0517998,31,True,"stated by Polaron, not image-verified",unreviewed
embedding PC 28,nm_per_px_if_tag_true,covariate,-0.1325652384,0.4792603698,0.9895052474,0.9960758564,45629944e398,0517998,31,True,"stated by Polaron, not image-verified",unreviewed
embedding PC 28,noise_sigma_BSE,covariate,0.02057073806,0.9045477261,0.9895052474,0.9960758564,45629944e398,0517998,31,True,"stated by Polaron, not image-verified",unreviewed
embedding PC 28,sharpness_BSE,covariate,0.02258064516,0.9150424788,0.9895052474,0.9960758564,45629944e398,0517998,31,True,"stated by Polaron, not image-verified",unreviewed
embedding PC 28,c0_cracklike_frac,kpi,-0.1137096774,0.5277361319,0.9895052474,0.9960758564,45629944e398,0517998,31,True,"stated by Polaron, not image-verified",unreviewed
embedding PC 28,c0_region_area_mean_px,kpi,-0.04596774194,0.7971014493,0.9895052474,0.9960758564,45629944e398,0517998,31,True,"stated by Polaron, not image-verified",unreviewed
embedding PC 28,c0_region_eqdiam_median_px,kpi,-0.02137096774,0.8935532234,0.9895052474,0.9960758564,45629944e398,0517998,31,True,"stated by Polaron, not image-verified",unreviewed
embedding PC 28,c1_flake_aspect_median,kpi,0.09516129032,0.5977011494,0.9895052474,0.9960758564,45629944e398,0517998,31,True,"stated by Polaron, not image-verified",unreviewed
embedding PC 28,c1_flake_eqdiam_median_px,kpi,-0.09314516129,0.6186906547,0.9895052474,0.9960758564,45629944e398,0517998,31,True,"stated by Polaron, not image-verified",unreviewed
embedding PC 28,c1_largest_component_frac,kpi,-0.04758064516,0.8060969515,0.9895052474,0.9960758564,45629944e398,0517998,31,True,"stated by Polaron, not image-verified",unreviewed
embedding PC 28,c2_count_density_per_Mpx,kpi,0.002822580645,0.9895052474,0.9895052474,0.9960758564,45629944e398,0517998,31,True,"stated by Polaron, not image-verified",unreviewed
embedding PC 28,c2_eqdiam_median_px,kpi,-0.06209677419,0.7316341829,0.9895052474,0.9960758564,45629944e398,0517998,31,True,"stated by Polaron, not image-verified",unreviewed
embedding PC 28,c2_eqdiam_p90_px,kpi,-0.01370967742,0.944027986,0.9895052474,0.9960758564,45629944e398,0517998,31,True,"stated by Polaron, not image-verified",unreviewed
embedding PC 28,c2_tpc_length_px,kpi,0.3100806452,0.09595202399,0.9895052474,0.9960758564,45629944e398,0517998,31,True,"stated by Polaron, not image-verified",unreviewed
embedding PC 28,frac_c0,kpi,-0.003629032258,0.9765117441,0.9895052474,0.9960758564,45629944e398,0517998,31,True,"stated by Polaron, not image-verified",unreviewed
embedding PC 28,frac_c1,kpi,-0.01733870968,0.9325337331,0.9895052474,0.9960758564,45629944e398,0517998,31,True,"stated by Polaron, not image-verified",unreviewed
embedding PC 28,frac_c2,kpi,0.1108870968,0.5387306347,0.9895052474,0.9960758564,45629944e398,0517998,31,True,"stated by Polaron, not image-verified",unreviewed
embedding PC 28,F01_c0_area_fraction,measurement,0.04072580645,0.8225887056,0.9895052474,0.9960758564,45629944e398,0517998,31,True,"stated by Polaron, not image-verified",unreviewed
embedding PC 28,F02_c2_area_fraction,measurement,0.1217741935,0.5032483758,0.9895052474,0.9960758564,45629944e398,0517998,31,True,"stated by Polaron, not image-verified",unreviewed
embedding PC 28,F03_c2_eqdiam_median_px,measurement,0.03891022783,0.8375812094,0.9895052474,0.9960758564,45629944e398,0517998,31,True,"stated by Polaron, not image-verified",unreviewed
embedding PC 28,F04_c2_eqdiam_p90_px,measurement,-0.06733870968,0.7236381809,0.9895052474,0.9960758564,45629944e398,0517998,31,True,"stated by Polaron, not image-verified",unreviewed
embedding PC 28,F05_c2_count_density_per_Mpx,measurement,0.02379032258,0.9095452274,0.9895052474,0.9960758564,45629944e398,0517998,31,True,"stated by Polaron, not image-verified",unreviewed
embedding PC 28,F06_c2_clark_evans_R,measurement,0.1008064516,0.5722138931,0.9895052474,0.9960758564,45629944e398,0517998,31,True,"stated by Polaron, not image-verified",unreviewed
embedding PC 28,F07_c2_solidity_area_weighted_median,measurement,0.1471774194,0.4142928536,0.9895052474,0.9960758564,45629944e398,0517998,31,True,"stated by Polaron, not image-verified",unreviewed
embedding PC 28,F08_c0_local_thickness_median_px,measurement,0.09257054434,0.6271864068,0.9895052474,0.9960758564,45629944e398,0517998,31,True,"stated by Polaron, not image-verified",unreviewed
embedding PC 28,F09_c0_chord_anisotropy_h_over_v,measurement,-0.05524193548,0.7726136932,0.9895052474,0.9960758564,45629944e398,0517998,31,True,"stated by Polaron, not image-verified",unreviewed
embedding PC 28,F10_c0_fraction_iqr_512px,measurement,0.09637096774,0.5957021489,0.9895052474,0.9960758564,45629944e398,0517998,31,True,"stated by Polaron, not image-verified",unreviewed
embedding PC 28,F11_c2_perimeter_fraction_adjacent_c0,measurement,0.110483871,0.5497251374,0.9895052474,0.9960758564,45629944e398,0517998,31,True,"stated by Polaron, not image-verified",unreviewed
embedding PC 29,curtaining_score_BSE,covariate,0.07580645161,0.692153923,0.9115442279,0.9960758564,45629944e398,0517998,31,True,"stated by Polaron, not image-verified",unreviewed
embedding PC 29,edge_charging_BSE,covariate,0.2919354839,0.1019490255,0.9115442279,0.9960758564,45629944e398,0517998,31,True,"stated by Polaron, not image-verified",unreviewed
embedding PC 29,edge_charging_Inlens,covariate,-0.04596774194,0.808095952,0.9115442279,0.9960758564,45629944e398,0517998,31,True,"stated by Polaron, not image-verified",unreviewed
embedding PC 29,height,covariate,0.02125091607,0.9150424788,0.9445599781,0.9960758564,45629944e398,0517998,31,True,"stated by Polaron, not image-verified",unreviewed
embedding PC 29,hstripe_score_BSE,covariate,0.1004032258,0.5527236382,0.9115442279,0.9960758564,45629944e398,0517998,31,True,"stated by Polaron, not image-verified",unreviewed
embedding PC 29,nm_per_px_if_tag_true,covariate,0.03339429669,0.8545727136,0.9115442279,0.9960758564,45629944e398,0517998,31,True,"stated by Polaron, not image-verified",unreviewed
embedding PC 29,noise_sigma_BSE,covariate,-0.04820006271,0.8070964518,0.9115442279,0.9960758564,45629944e398,0517998,31,True,"stated by Polaron, not image-verified",unreviewed
embedding PC 29,sharpness_BSE,covariate,-0.03588709677,0.8500749625,0.9115442279,0.9960758564,45629944e398,0517998,31,True,"stated by Polaron, not image-verified",unreviewed
embedding PC 29,c0_cracklike_frac,kpi,0.3189516129,0.08495752124,0.9115442279,0.9960758564,45629944e398,0517998,31,True,"stated by Polaron, not image-verified",unreviewed
embedding PC 29,c0_region_area_mean_px,kpi,0.09072580645,0.6226886557,0.9115442279,0.9960758564,45629944e398,0517998,31,True,"stated by Polaron, not image-verified",unreviewed
embedding PC 29,c0_region_eqdiam_median_px,kpi,-0.2431451613,0.1849075462,0.9115442279,0.9960758564,45629944e398,0517998,31,True,"stated by Polaron, not image-verified",unreviewed
embedding PC 29,c1_flake_aspect_median,kpi,-0.05483870968,0.776111944,0.9115442279,0.9960758564,45629944e398,0517998,31,True,"stated by Polaron, not image-verified",unreviewed
embedding PC 29,c1_flake_eqdiam_median_px,kpi,-0.09879032258,0.6036981509,0.9115442279,0.9960758564,45629944e398,0517998,31,True,"stated by Polaron, not image-verified",unreviewed
embedding PC 29,c1_largest_component_frac,kpi,0.04193548387,0.8370814593,0.9115442279,0.9960758564,45629944e398,0517998,31,True,"stated by Polaron, not image-verified",unreviewed
embedding PC 29,c2_count_density_per_Mpx,kpi,0.07298387097,0.6951524238,0.9115442279,0.9960758564,45629944e398,0517998,31,True,"stated by Polaron, not image-verified",unreviewed
embedding PC 29,c2_eqdiam_median_px,kpi,-0.09435483871,0.6066966517,0.9115442279,0.9960758564,45629944e398,0517998,31,True,"stated by Polaron, not image-verified",unreviewed
embedding PC 29,c2_eqdiam_p90_px,kpi,-0.06733870968,0.7181409295,0.9115442279,0.9960758564,45629944e398,0517998,31,True,"stated by Polaron, not image-verified",unreviewed
embedding PC 29,c2_tpc_length_px,kpi,-0.1419354839,0.4362818591,0.9115442279,0.9960758564,45629944e398,0517998,31,True,"stated by Polaron, not image-verified",unreviewed
embedding PC 29,frac_c0,kpi,-0.04153225806,0.8290854573,0.9115442279,0.9960758564,45629944e398,0517998,31,True,"stated by Polaron, not image-verified",unreviewed
embedding PC 29,frac_c1,kpi,0.09717741935,0.5897051474,0.9115442279,0.9960758564,45629944e398,0517998,31,True,"stated by Polaron, not image-verified",unreviewed
embedding PC 29,frac_c2,kpi,-0.1814516129,0.3103448276,0.9115442279,0.9960758564,45629944e398,0517998,31,True,"stated by Polaron, not image-verified",unreviewed
embedding PC 29,F01_c0_area_fraction,measurement,-0.03991935484,0.8170914543,0.9115442279,0.9960758564,45629944e398,0517998,31,True,"stated by Polaron, not image-verified",unreviewed
embedding PC 29,F02_c2_area_fraction,measurement,-0.189516129,0.3168415792,0.9115442279,0.9960758564,45629944e398,0517998,31,True,"stated by Polaron, not image-verified",unreviewed
embedding PC 29,F03_c2_eqdiam_median_px,measurement,-0.2128858015,0.2458770615,0.9115442279,0.9960758564,45629944e398,0517998,31,True,"stated by Polaron, not image-verified",unreviewed
embedding PC 29,F04_c2_eqdiam_p90_px,measurement,-0.2201612903,0.2393803098,0.9115442279,0.9960758564,45629944e398,0517998,31,True,"stated by Polaron, not image-verified",unreviewed
embedding PC 29,F05_c2_count_density_per_Mpx,measurement,0.002822580645,0.9885057471,0.9885057471,0.9960758564,45629944e398,0517998,31,True,"stated by Polaron, not image-verified",unreviewed
embedding PC 29,F06_c2_clark_evans_R,measurement,-0.06774193548,0.7141429285,0.9115442279,0.9960758564,45629944e398,0517998,31,True,"stated by Polaron, not image-verified",unreviewed
embedding PC 29,F07_c2_solidity_area_weighted_median,measurement,0.04758064516,0.7976011994,0.9115442279,0.9960758564,45629944e398,0517998,31,True,"stated by Polaron, not image-verified",unreviewed
embedding PC 29,F08_c0_local_thickness_median_px,measurement,-0.05679046878,0.7826086957,0.9115442279,0.9960758564,45629944e398,0517998,31,True,"stated by Polaron, not image-verified",unreviewed
embedding PC 29,F09_c0_chord_anisotropy_h_over_v,measurement,0.1225806452,0.5057471264,0.9115442279,0.9960758564,45629944e398,0517998,31,True,"stated by Polaron, not image-verified",unreviewed
embedding PC 29,F10_c0_fraction_iqr_512px,measurement,-0.05282258065,0.7676161919,0.9115442279,0.9960758564,45629944e398,0517998,31,True,"stated by Polaron, not image-verified",unreviewed
embedding PC 29,F11_c2_perimeter_fraction_adjacent_c0,measurement,-0.07741935484,0.6806596702,0.9115442279,0.9960758564,45629944e398,0517998,31,True,"stated by Polaron, not image-verified",unreviewed
