sample_id,batch,third_detector,n_tiles,c2_area_px,analysed_px,variant,frac_c2_area_flagged,n_c2_particles_unmasked,n_c2_particles_masked,n_c2_particles_removed,z_thr_inlens_p90,z_thr_se_p90,frac_c1_bright_both_p90,frac_c2_bright_inlens_only_p90,frac_c2_bright_se_only_p90,z_thr_inlens_p95,z_thr_se_p95,frac_c1_bright_both_p95,frac_c2_bright_inlens_only_p95,frac_c2_bright_se_only_p95,z_thr_inlens_p99,z_thr_se_p99,frac_c1_bright_both_p99,frac_c2_bright_inlens_only_p99,frac_c2_bright_se_only_p99,frac_c2_within_3px_of_c0,frac_c2_within_5px_of_c0,frac_c2_within_10px_of_c0,frac_c2_dark_both_p50,frac_c2_z_inlens_median,frac_c2_z_se_median,c1_z_inlens_median,c1_z_se_median,phase_identity,config_hash,git_sha
4ih2ggld,Batch_1,ETD,52,3266257,16054000,none,0.0,4424,4424,0,1.8395203351974487,2.2687416076660156,0.011676160578614727,0.12132082686696118,0.22211754923142912,2.7286217212677,3.249819278717041,0.003154277754324605,0.08261934073160808,0.12170016015273752,4.813411712646484,6.131734371185303,6.782430891234684e-05,0.028511228602035907,0.036331188880728005,0.021927545811612496,0.06833632503504776,0.18578329874226063,0.017613433358122155,1.2263468503952026,1.9008376598358154,-0.09197601675987244,-0.12263468652963638,"stated by Polaron, not image-verified",1bec114301c3,790c1ef
4ih2ggld,Batch_1,ETD,52,3266257,16054000,bright_both_p90,0.17144517409377155,4424,5058,713,1.8395203351974487,2.2687416076660156,0.011676160578614727,0.12132082686696118,0.22211754923142912,2.7286217212677,3.249819278717041,0.003154277754324605,0.08261934073160808,0.12170016015273752,4.813411712646484,6.131734371185303,6.782430891234684e-05,0.028511228602035907,0.036331188880728005,0.021927545811612496,0.06833632503504776,0.18578329874226063,0.017613433358122155,1.2263468503952026,1.9008376598358154,-0.09197601675987244,-0.12263468652963638,"stated by Polaron, not image-verified",1bec114301c3,790c1ef
4ih2ggld,Batch_1,ETD,52,3266257,16054000,bright_both_p95,0.07596952719887014,4424,4822,278,1.8395203351974487,2.2687416076660156,0.011676160578614727,0.12132082686696118,0.22211754923142912,2.7286217212677,3.249819278717041,0.003154277754324605,0.08261934073160808,0.12170016015273752,4.813411712646484,6.131734371185303,6.782430891234684e-05,0.028511228602035907,0.036331188880728005,0.021927545811612496,0.06833632503504776,0.18578329874226063,0.017613433358122155,1.2263468503952026,1.9008376598358154,-0.09197601675987244,-0.12263468652963638,"stated by Polaron, not image-verified",1bec114301c3,790c1ef
4ih2ggld,Batch_1,ETD,52,3266257,16054000,bright_both_p99,0.009952064396647293,4424,4470,6,1.8395203351974487,2.2687416076660156,0.011676160578614727,0.12132082686696118,0.22211754923142912,2.7286217212677,3.249819278717041,0.003154277754324605,0.08261934073160808,0.12170016015273752,4.813411712646484,6.131734371185303,6.782430891234684e-05,0.028511228602035907,0.036331188880728005,0.021927545811612496,0.06833632503504776,0.18578329874226063,0.017613433358122155,1.2263468503952026,1.9008376598358154,-0.09197601675987244,-0.12263468652963638,"stated by Polaron, not image-verified",1bec114301c3,790c1ef
4ih2ggld,Batch_1,ETD,52,3266257,16054000,edge_glow_n3,0.003748327213688329,4424,4416,18,1.8395203351974487,2.2687416076660156,0.011676160578614727,0.12132082686696118,0.22211754923142912,2.7286217212677,3.249819278717041,0.003154277754324605,0.08261934073160808,0.12170016015273752,4.813411712646484,6.131734371185303,6.782430891234684e-05,0.028511228602035907,0.036331188880728005,0.021927545811612496,0.06833632503504776,0.18578329874226063,0.017613433358122155,1.2263468503952026,1.9008376598358154,-0.09197601675987244,-0.12263468652963638,"stated by Polaron, not image-verified",1bec114301c3,790c1ef
4ih2ggld,Batch_1,ETD,52,3266257,16054000,edge_glow_n5,0.01114945945772179,4424,4418,65,1.8395203351974487,2.2687416076660156,0.011676160578614727,0.12132082686696118,0.22211754923142912,2.7286217212677,3.249819278717041,0.003154277754324605,0.08261934073160808,0.12170016015273752,4.813411712646484,6.131734371185303,6.782430891234684e-05,0.028511228602035907,0.036331188880728005,0.021927545811612496,0.06833632503504776,0.18578329874226063,0.017613433358122155,1.2263468503952026,1.9008376598358154,-0.09197601675987244,-0.12263468652963638,"stated by Polaron, not image-verified",1bec114301c3,790c1ef
4ih2ggld,Batch_1,ETD,52,3266257,16054000,edge_glow_n10,0.02565597257043766,4424,4537,109,1.8395203351974487,2.2687416076660156,0.011676160578614727,0.12132082686696118,0.22211754923142912,2.7286217212677,3.249819278717041,0.003154277754324605,0.08261934073160808,0.12170016015273752,4.813411712646484,6.131734371185303,6.782430891234684e-05,0.028511228602035907,0.036331188880728005,0.021927545811612496,0.06833632503504776,0.18578329874226063,0.017613433358122155,1.2263468503952026,1.9008376598358154,-0.09197601675987244,-0.12263468652963638,"stated by Polaron, not image-verified",1bec114301c3,790c1ef
5n1q8atc,Batch_1,ETD,52,3508985,16063200,none,0.0,4560,4560,0,1.9110571146011353,2.1461069583892822,0.013425929244963823,0.11772863092888684,0.19156479722768835,3.1850953102111816,3.0658671855926514,0.003716227971780238,0.07410746982389495,0.09938657475024829,5.958001613616943,5.886465072631836,6.0063252637581134e-05,0.024579757394232234,0.02995168118416009,0.018795463645470127,0.06021655834949423,0.1621488835090489,0.011080412141972678,1.3115098476409912,1.778203010559082,-0.1124151274561882,-0.18395203351974487,"stated by Polaron, not image-verified",1bec114301c3,790c1ef
5n1q8atc,Batch_1,ETD,52,3508985,16063200,bright_both_p90,0.1621115507760791,4560,5124,793,1.9110571146011353,2.1461069583892822,0.013425929244963823,0.11772863092888684,0.19156479722768835,3.1850953102111816,3.0658671855926514,0.003716227971780238,0.07410746982389495,0.09938657475024829,5.958001613616943,5.886465072631836,6.0063252637581134e-05,0.024579757394232234,0.02995168118416009,0.018795463645470127,0.06021655834949423,0.1621488835090489,0.011080412141972678,1.3115098476409912,1.778203010559082,-0.1124151274561882,-0.18395203351974487,"stated by Polaron, not image-verified",1bec114301c3,790c1ef
5n1q8atc,Batch_1,ETD,52,3508985,16063200,bright_both_p95,0.07702483766673268,4560,4998,321,1.9110571146011353,2.1461069583892822,0.013425929244963823,0.11772863092888684,0.19156479722768835,3.1850953102111816,3.0658671855926514,0.003716227971780238,0.07410746982389495,0.09938657475024829,5.958001613616943,5.886465072631836,6.0063252637581134e-05,0.024579757394232234,0.02995168118416009,0.018795463645470127,0.06021655834949423,0.1621488835090489,0.011080412141972678,1.3115098476409912,1.778203010559082,-0.1124151274561882,-0.18395203351974487,"stated by Polaron, not image-verified",1bec114301c3,790c1ef
5n1q8atc,Batch_1,ETD,52,3508985,16063200,bright_both_p99,0.011862404655477296,4560,4631,10,1.9110571146011353,2.1461069583892822,0.013425929244963823,0.11772863092888684,0.19156479722768835,3.1850953102111816,3.0658671855926514,0.003716227971780238,0.07410746982389495,0.09938657475024829,5.958001613616943,5.886465072631836,6.0063252637581134e-05,0.024579757394232234,0.02995168118416009,0.018795463645470127,0.06021655834949423,0.1621488835090489,0.011080412141972678,1.3115098476409912,1.778203010559082,-0.1124151274561882,-0.18395203351974487,"stated by Polaron, not image-verified",1bec114301c3,790c1ef
5n1q8atc,Batch_1,ETD,52,3508985,16063200,edge_glow_n3,0.0035574389745182725,4560,4544,22,1.9110571146011353,2.1461069583892822,0.013425929244963823,0.11772863092888684,0.19156479722768835,3.1850953102111816,3.0658671855926514,0.003716227971780238,0.07410746982389495,0.09938657475024829,5.958001613616943,5.886465072631836,6.0063252637581134e-05,0.024579757394232234,0.02995168118416009,0.018795463645470127,0.06021655834949423,0.1621488835090489,0.011080412141972678,1.3115098476409912,1.778203010559082,-0.1124151274561882,-0.18395203351974487,"stated by Polaron, not image-verified",1bec114301c3,790c1ef
5n1q8atc,Batch_1,ETD,52,3508985,16063200,edge_glow_n5,0.011090671518972011,4560,4584,67,1.9110571146011353,2.1461069583892822,0.013425929244963823,0.11772863092888684,0.19156479722768835,3.1850953102111816,3.0658671855926514,0.003716227971780238,0.07410746982389495,0.09938657475024829,5.958001613616943,5.886465072631836,6.0063252637581134e-05,0.024579757394232234,0.02995168118416009,0.018795463645470127,0.06021655834949423,0.1621488835090489,0.011080412141972678,1.3115098476409912,1.778203010559082,-0.1124151274561882,-0.18395203351974487,"stated by Polaron, not image-verified",1bec114301c3,790c1ef
5n1q8atc,Batch_1,ETD,52,3508985,16063200,edge_glow_n10,0.026591165251490103,4560,4679,141,1.9110571146011353,2.1461069583892822,0.013425929244963823,0.11772863092888684,0.19156479722768835,3.1850953102111816,3.0658671855926514,0.003716227971780238,0.07410746982389495,0.09938657475024829,5.958001613616943,5.886465072631836,6.0063252637581134e-05,0.024579757394232234,0.02995168118416009,0.018795463645470127,0.06021655834949423,0.1621488835090489,0.011080412141972678,1.3115098476409912,1.778203010559082,-0.1124151274561882,-0.18395203351974487,"stated by Polaron, not image-verified",1bec114301c3,790c1ef
f1vzngrs,Batch_1,ETD,52,1351575,14889888,none,0.0,1136,1136,0,1.9621549844741821,3.7578773498535156,0.012636799050633037,0.05431367108743503,0.4270957956458206,2.7899391651153564,5.106858730316162,0.004048537749297403,0.13884616096036106,0.3491696724192146,4.046944618225098,6.841263771057129,0.0006619951306263345,0.011729278804357878,0.058892033368477516,0.0017919834267428741,0.012282707211956422,0.07115698351922757,0.0012859071823613192,1.7168855667114258,4.91414737701416,-0.06131734326481819,0.0,"stated by Polaron, not image-verified",1bec114301c3,790c1ef
f1vzngrs,Batch_1,ETD,52,1351575,14889888,bright_both_p90,0.3870684201764608,1136,1370,193,1.9621549844741821,3.7578773498535156,0.012636799050633037,0.05431367108743503,0.4270957956458206,2.7899391651153564,5.106858730316162,0.004048537749297403,0.13884616096036106,0.3491696724192146,4.046944618225098,6.841263771057129,0.0006619951306263345,0.011729278804357878,0.058892033368477516,0.0017919834267428741,0.012282707211956422,0.07115698351922757,0.0012859071823613192,1.7168855667114258,4.91414737701416,-0.06131734326481819,0.0,"stated by Polaron, not image-verified",1bec114301c3,790c1ef
f1vzngrs,Batch_1,ETD,52,1351575,14889888,bright_both_p95,0.08918040064369347,1136,1119,102,1.9621549844741821,3.7578773498535156,0.012636799050633037,0.05431367108743503,0.4270957956458206,2.7899391651153564,5.106858730316162,0.004048537749297403,0.13884616096036106,0.3491696724192146,4.046944618225098,6.841263771057129,0.0006619951306263345,0.011729278804357878,0.058892033368477516,0.0017919834267428741,0.012282707211956422,0.07115698351922757,0.0012859071823613192,1.7168855667114258,4.91414737701416,-0.06131734326481819,0.0,"stated by Polaron, not image-verified",1bec114301c3,790c1ef
f1vzngrs,Batch_1,ETD,52,1351575,14889888,bright_both_p99,0.0044370456689417906,1136,1096,42,1.9621549844741821,3.7578773498535156,0.012636799050633037,0.05431367108743503,0.4270957956458206,2.7899391651153564,5.106858730316162,0.004048537749297403,0.13884616096036106,0.3491696724192146,4.046944618225098,6.841263771057129,0.0006619951306263345,0.011729278804357878,0.058892033368477516,0.0017919834267428741,0.012282707211956422,0.07115698351922757,0.0012859071823613192,1.7168855667114258,4.91414737701416,-0.06131734326481819,0.0,"stated by Polaron, not image-verified",1bec114301c3,790c1ef
f1vzngrs,Batch_1,ETD,52,1351575,14889888,edge_glow_n3,9.174481623291345e-05,1136,1135,1,1.9621549844741821,3.7578773498535156,0.012636799050633037,0.05431367108743503,0.4270957956458206,2.7899391651153564,5.106858730316162,0.004048537749297403,0.13884616096036106,0.3491696724192146,4.046944618225098,6.841263771057129,0.0006619951306263345,0.011729278804357878,0.058892033368477516,0.0017919834267428741,0.012282707211956422,0.07115698351922757,0.0012859071823613192,1.7168855667114258,4.91414737701416,-0.06131734326481819,0.0,"stated by Polaron, not image-verified",1bec114301c3,790c1ef
f1vzngrs,Batch_1,ETD,52,1351575,14889888,edge_glow_n5,0.0007753916726781718,1136,1132,4,1.9621549844741821,3.7578773498535156,0.012636799050633037,0.05431367108743503,0.4270957956458206,2.7899391651153564,5.106858730316162,0.004048537749297403,0.13884616096036106,0.3491696724192146,4.046944618225098,6.841263771057129,0.0006619951306263345,0.011729278804357878,0.058892033368477516,0.0017919834267428741,0.012282707211956422,0.07115698351922757,0.0012859071823613192,1.7168855667114258,4.91414737701416,-0.06131734326481819,0.0,"stated by Polaron, not image-verified",1bec114301c3,790c1ef
f1vzngrs,Batch_1,ETD,52,1351575,14889888,edge_glow_n10,0.004309786730296136,1136,1102,32,1.9621549844741821,3.7578773498535156,0.012636799050633037,0.05431367108743503,0.4270957956458206,2.7899391651153564,5.106858730316162,0.004048537749297403,0.13884616096036106,0.3491696724192146,4.046944618225098,6.841263771057129,0.0006619951306263345,0.011729278804357878,0.058892033368477516,0.0017919834267428741,0.012282707211956422,0.07115698351922757,0.0012859071823613192,1.7168855667114258,4.91414737701416,-0.06131734326481819,0.0,"stated by Polaron, not image-verified",1bec114301c3,790c1ef
ffwubibz,Batch_1,ETD,52,978744,14414976,none,0.0,874,874,0,1.407632827758789,1.9271165132522583,0.02637495376198831,0.02033933285925635,0.365232379457754,2.023472309112549,3.8542330265045166,0.006141746824119053,0.02757002852635623,0.47417404346795483,3.753687620162964,5.203214645385742,0.0009379448533490688,0.010996746851066264,0.05160593577074291,0.003026327619888347,0.01346828179789608,0.06500984935795265,0.032935067801181925,1.2316787242889404,3.8542330265045166,0.0,0.0,"stated by Polaron, not image-verified",1bec114301c3,790c1ef
ffwubibz,Batch_1,ETD,52,978744,14414976,bright_both_p90,0.38351090785741726,874,1021,224,1.407632827758789,1.9271165132522583,0.02637495376198831,0.02033933285925635,0.365232379457754,2.023472309112549,3.8542330265045166,0.006141746824119053,0.02757002852635623,0.47417404346795483,3.753687620162964,5.203214645385742,0.0009379448533490688,0.010996746851066264,0.05160593577074291,0.003026327619888347,0.01346828179789608,0.06500984935795265,0.032935067801181925,1.2316787242889404,3.8542330265045166,0.0,0.0,"stated by Polaron, not image-verified",1bec114301c3,790c1ef
ffwubibz,Batch_1,ETD,52,978744,14414976,bright_both_p95,0.052514242743761395,874,751,137,1.407632827758789,1.9271165132522583,0.02637495376198831,0.02033933285925635,0.365232379457754,2.023472309112549,3.8542330265045166,0.006141746824119053,0.02757002852635623,0.47417404346795483,3.753687620162964,5.203214645385742,0.0009379448533490688,0.010996746851066264,0.05160593577074291,0.003026327619888347,0.01346828179789608,0.06500984935795265,0.032935067801181925,1.2316787242889404,3.8542330265045166,0.0,0.0,"stated by Polaron, not image-verified",1bec114301c3,790c1ef
ffwubibz,Batch_1,ETD,52,978744,14414976,bright_both_p99,0.007029417294001292,874,810,69,1.407632827758789,1.9271165132522583,0.02637495376198831,0.02033933285925635,0.365232379457754,2.023472309112549,3.8542330265045166,0.006141746824119053,0.02757002852635623,0.47417404346795483,3.753687620162964,5.203214645385742,0.0009379448533490688,0.010996746851066264,0.05160593577074291,0.003026327619888347,0.01346828179789608,0.06500984935795265,0.032935067801181925,1.2316787242889404,3.8542330265045166,0.0,0.0,"stated by Polaron, not image-verified",1bec114301c3,790c1ef
ffwubibz,Batch_1,ETD,52,978744,14414976,edge_glow_n3,0.0003647531938893112,874,872,2,1.407632827758789,1.9271165132522583,0.02637495376198831,0.02033933285925635,0.365232379457754,2.023472309112549,3.8542330265045166,0.006141746824119053,0.02757002852635623,0.47417404346795483,3.753687620162964,5.203214645385742,0.0009379448533490688,0.010996746851066264,0.05160593577074291,0.003026327619888347,0.01346828179789608,0.06500984935795265,0.032935067801181925,1.2316787242889404,3.8542330265045166,0.0,0.0,"stated by Polaron, not image-verified",1bec114301c3,790c1ef
ffwubibz,Batch_1,ETD,52,978744,14414976,edge_glow_n5,0.0019208291442910507,874,855,21,1.407632827758789,1.9271165132522583,0.02637495376198831,0.02033933285925635,0.365232379457754,2.023472309112549,3.8542330265045166,0.006141746824119053,0.02757002852635623,0.47417404346795483,3.753687620162964,5.203214645385742,0.0009379448533490688,0.010996746851066264,0.05160593577074291,0.003026327619888347,0.01346828179789608,0.06500984935795265,0.032935067801181925,1.2316787242889404,3.8542330265045166,0.0,0.0,"stated by Polaron, not image-verified",1bec114301c3,790c1ef
ffwubibz,Batch_1,ETD,52,978744,14414976,edge_glow_n10,0.00547231962596961,874,817,59,1.407632827758789,1.9271165132522583,0.02637495376198831,0.02033933285925635,0.365232379457754,2.023472309112549,3.8542330265045166,0.006141746824119053,0.02757002852635623,0.47417404346795483,3.753687620162964,5.203214645385742,0.0009379448533490688,0.010996746851066264,0.05160593577074291,0.003026327619888347,0.01346828179789608,0.06500984935795265,0.032935067801181925,1.2316787242889404,3.8542330265045166,0.0,0.0,"stated by Polaron, not image-verified",1bec114301c3,790c1ef
fzrt2k6r,Batch_1,ETD,52,1331664,14945760,none,0.0,1800,1800,0,1.471616268157959,3.0352084636688232,0.01771753270327099,0.10397067128044311,0.34925326508789006,2.1767656803131104,4.131256103515625,0.006853210487402605,0.1374400749738673,0.24142801787838375,3.280478000640869,6.407662391662598,0.0013743790053957344,0.06025844357135133,0.03434199617921638,0.004217280034603323,0.02005911401074145,0.08003745689603384,0.0067261711663002075,1.2876641750335693,3.6253879070281982,0.06131734326481819,0.0,"stated by Polaron, not image-verified",1bec114301c3,790c1ef
fzrt2k6r,Batch_1,ETD,52,1331664,14945760,bright_both_p90,0.33734485575941076,1800,2002,304,1.471616268157959,3.0352084636688232,0.01771753270327099,0.10397067128044311,0.34925326508789006,2.1767656803131104,4.131256103515625,0.006853210487402605,0.1374400749738673,0.24142801787838375,3.280478000640869,6.407662391662598,0.0013743790053957344,0.06025844357135133,0.03434199617921638,0.004217280034603323,0.02005911401074145,0.08003745689603384,0.0067261711663002075,1.2876641750335693,3.6253879070281982,0.06131734326481819,0.0,"stated by Polaron, not image-verified",1bec114301c3,790c1ef
fzrt2k6r,Batch_1,ETD,52,1331664,14945760,bright_both_p95,0.0994515132946449,1800,1755,185,1.471616268157959,3.0352084636688232,0.01771753270327099,0.10397067128044311,0.34925326508789006,2.1767656803131104,4.131256103515625,0.006853210487402605,0.1374400749738673,0.24142801787838375,3.280478000640869,6.407662391662598,0.0013743790053957344,0.06025844357135133,0.03434199617921638,0.004217280034603323,0.02005911401074145,0.08003745689603384,0.0067261711663002075,1.2876641750335693,3.6253879070281982,0.06131734326481819,0.0,"stated by Polaron, not image-verified",1bec114301c3,790c1ef
fzrt2k6r,Batch_1,ETD,52,1331664,14945760,bright_both_p99,0.012817797882949452,1800,1747,77,1.471616268157959,3.0352084636688232,0.01771753270327099,0.10397067128044311,0.34925326508789006,2.1767656803131104,4.131256103515625,0.006853210487402605,0.1374400749738673,0.24142801787838375,3.280478000640869,6.407662391662598,0.0013743790053957344,0.06025844357135133,0.03434199617921638,0.004217280034603323,0.02005911401074145,0.08003745689603384,0.0067261711663002075,1.2876641750335693,3.6253879070281982,0.06131734326481819,0.0,"stated by Polaron, not image-verified",1bec114301c3,790c1ef
fzrt2k6r,Batch_1,ETD,52,1331664,14945760,edge_glow_n3,0.0004918658160016341,1800,1794,7,1.471616268157959,3.0352084636688232,0.01771753270327099,0.10397067128044311,0.34925326508789006,2.1767656803131104,4.131256103515625,0.006853210487402605,0.1374400749738673,0.24142801787838375,3.280478000640869,6.407662391662598,0.0013743790053957344,0.06025844357135133,0.03434199617921638,0.004217280034603323,0.02005911401074145,0.08003745689603384,0.0067261711663002075,1.2876641750335693,3.6253879070281982,0.06131734326481819,0.0,"stated by Polaron, not image-verified",1bec114301c3,790c1ef
fzrt2k6r,Batch_1,ETD,52,1331664,14945760,edge_glow_n5,0.002116149419072679,1800,1773,28,1.471616268157959,3.0352084636688232,0.01771753270327099,0.10397067128044311,0.34925326508789006,2.1767656803131104,4.131256103515625,0.006853210487402605,0.1374400749738673,0.24142801787838375,3.280478000640869,6.407662391662598,0.0013743790053957344,0.06025844357135133,0.03434199617921638,0.004217280034603323,0.02005911401074145,0.08003745689603384,0.0067261711663002075,1.2876641750335693,3.6253879070281982,0.06131734326481819,0.0,"stated by Polaron, not image-verified",1bec114301c3,790c1ef
fzrt2k6r,Batch_1,ETD,52,1331664,14945760,edge_glow_n10,0.007447824676494972,1800,1741,70,1.471616268157959,3.0352084636688232,0.01771753270327099,0.10397067128044311,0.34925326508789006,2.1767656803131104,4.131256103515625,0.006853210487402605,0.1374400749738673,0.24142801787838375,3.280478000640869,6.407662391662598,0.0013743790053957344,0.06025844357135133,0.03434199617921638,0.004217280034603323,0.02005911401074145,0.08003745689603384,0.0067261711663002075,1.2876641750335693,3.6253879070281982,0.06131734326481819,0.0,"stated by Polaron, not image-verified",1bec114301c3,790c1ef
iv6g2oq0,Batch_1,ETD,39,834335,12249216,none,0.0,954,954,0,1.7008897066116333,3.035208225250244,0.01875892022897004,0.02061641906428473,0.47724235468966303,2.3167290687561035,5.395925998687744,0.004550028038509097,0.07661550815919264,0.48301102075305485,3.7243618965148926,6.969737529754639,0.0007772886899050772,0.015902485212774247,0.05006502184374382,0.0029532501932676924,0.014691940287774095,0.06555280552775564,0.00046623958002481016,1.5249356031417847,5.620756149291992,0.0,0.0,"stated by Polaron, not image-verified",1bec114301c3,790c1ef
iv6g2oq0,Batch_1,ETD,39,834335,12249216,bright_both_p90,0.42592603690364184,954,999,204,1.7008897066116333,3.035208225250244,0.01875892022897004,0.02061641906428473,0.47724235468966303,2.3167290687561035,5.395925998687744,0.004550028038509097,0.07661550815919264,0.48301102075305485,3.7243618965148926,6.969737529754639,0.0007772886899050772,0.015902485212774247,0.05006502184374382,0.0029532501932676924,0.014691940287774095,0.06555280552775564,0.00046623958002481016,1.5249356031417847,5.620756149291992,0.0,0.0,"stated by Polaron, not image-verified",1bec114301c3,790c1ef
iv6g2oq0,Batch_1,ETD,39,834335,12249216,bright_both_p95,0.11675526017726692,954,1004,78,1.7008897066116333,3.035208225250244,0.01875892022897004,0.02061641906428473,0.47724235468966303,2.3167290687561035,5.395925998687744,0.004550028038509097,0.07661550815919264,0.48301102075305485,3.7243618965148926,6.969737529754639,0.0007772886899050772,0.015902485212774247,0.05006502184374382,0.0029532501932676924,0.014691940287774095,0.06555280552775564,0.00046623958002481016,1.5249356031417847,5.620756149291992,0.0,0.0,"stated by Polaron, not image-verified",1bec114301c3,790c1ef
iv6g2oq0,Batch_1,ETD,39,834335,12249216,bright_both_p99,0.004239304356163891,954,924,28,1.7008897066116333,3.035208225250244,0.01875892022897004,0.02061641906428473,0.47724235468966303,2.3167290687561035,5.395925998687744,0.004550028038509097,0.07661550815919264,0.48301102075305485,3.7243618965148926,6.969737529754639,0.0007772886899050772,0.015902485212774247,0.05006502184374382,0.0029532501932676924,0.014691940287774095,0.06555280552775564,0.00046623958002481016,1.5249356031417847,5.620756149291992,0.0,0.0,"stated by Polaron, not image-verified",1bec114301c3,790c1ef
iv6g2oq0,Batch_1,ETD,39,834335,12249216,edge_glow_n3,0.00041590008809411086,954,951,3,1.7008897066116333,3.035208225250244,0.01875892022897004,0.02061641906428473,0.47724235468966303,2.3167290687561035,5.395925998687744,0.004550028038509097,0.07661550815919264,0.48301102075305485,3.7243618965148926,6.969737529754639,0.0007772886899050772,0.015902485212774247,0.05006502184374382,0.0029532501932676924,0.014691940287774095,0.06555280552775564,0.00046623958002481016,1.5249356031417847,5.620756149291992,0.0,0.0,"stated by Polaron, not image-verified",1bec114301c3,790c1ef
iv6g2oq0,Batch_1,ETD,39,834335,12249216,edge_glow_n5,0.0020447422198517384,954,947,11,1.7008897066116333,3.035208225250244,0.01875892022897004,0.02061641906428473,0.47724235468966303,2.3167290687561035,5.395925998687744,0.004550028038509097,0.07661550815919264,0.48301102075305485,3.7243618965148926,6.969737529754639,0.0007772886899050772,0.015902485212774247,0.05006502184374382,0.0029532501932676924,0.014691940287774095,0.06555280552775564,0.00046623958002481016,1.5249356031417847,5.620756149291992,0.0,0.0,"stated by Polaron, not image-verified",1bec114301c3,790c1ef
iv6g2oq0,Batch_1,ETD,39,834335,12249216,edge_glow_n10,0.0060491289470056995,954,933,28,1.7008897066116333,3.035208225250244,0.01875892022897004,0.02061641906428473,0.47724235468966303,2.3167290687561035,5.395925998687744,0.004550028038509097,0.07661550815919264,0.48301102075305485,3.7243618965148926,6.969737529754639,0.0007772886899050772,0.015902485212774247,0.05006502184374382,0.0029532501932676924,0.014691940287774095,0.06555280552775564,0.00046623958002481016,1.5249356031417847,5.620756149291992,0.0,0.0,"stated by Polaron, not image-verified",1bec114301c3,790c1ef
uhdslk0o,Batch_1,ETD,39,1022158,13018176,none,0.0,1592,1592,0,2.473132848739624,2.5293405055999756,0.01847258909416043,0.06939338145374785,0.40156609839183377,3.5009281635284424,3.878321886062622,0.005903419309146513,0.08949790541188349,0.3672397026682763,4.143300533294678,5.311614990234375,0.002006032432044507,0.09629724563130163,0.03162329111546356,0.006292569250546393,0.027062352395617897,0.09653595628073156,0.0013080169601959776,2.473132848739624,3.7096991539001465,0.0,0.084311343729496,"stated by Polaron, not image-verified",1bec114301c3,790c1ef
uhdslk0o,Batch_1,ETD,39,1022158,13018176,bright_both_p90,0.4350971180580693,1592,1485,507,2.473132848739624,2.5293405055999756,0.01847258909416043,0.06939338145374785,0.40156609839183377,3.5009281635284424,3.878321886062622,0.005903419309146513,0.08949790541188349,0.3672397026682763,4.143300533294678,5.311614990234375,0.002006032432044507,0.09629724563130163,0.03162329111546356,0.006292569250546393,0.027062352395617897,0.09653595628073156,0.0013080169601959776,2.473132848739624,3.7096991539001465,0.0,0.084311343729496,"stated by Polaron, not image-verified",1bec114301c3,790c1ef
uhdslk0o,Batch_1,ETD,39,1022158,13018176,bright_both_p95,0.12078074035520928,1592,1463,249,2.473132848739624,2.5293405055999756,0.01847258909416043,0.06939338145374785,0.40156609839183377,3.5009281635284424,3.878321886062622,0.005903419309146513,0.08949790541188349,0.3672397026682763,4.143300533294678,5.311614990234375,0.002006032432044507,0.09629724563130163,0.03162329111546356,0.006292569250546393,0.027062352395617897,0.09653595628073156,0.0013080169601959776,2.473132848739624,3.7096991539001465,0.0,0.084311343729496,"stated by Polaron, not image-verified",1bec114301c3,790c1ef
uhdslk0o,Batch_1,ETD,39,1022158,13018176,bright_both_p99,0.025453012156633318,1592,1499,114,2.473132848739624,2.5293405055999756,0.01847258909416043,0.06939338145374785,0.40156609839183377,3.5009281635284424,3.878321886062622,0.005903419309146513,0.08949790541188349,0.3672397026682763,4.143300533294678,5.311614990234375,0.002006032432044507,0.09629724563130163,0.03162329111546356,0.006292569250546393,0.027062352395617897,0.09653595628073156,0.0013080169601959776,2.473132848739624,3.7096991539001465,0.0,0.084311343729496,"stated by Polaron, not image-verified",1bec114301c3,790c1ef
uhdslk0o,Batch_1,ETD,39,1022158,13018176,edge_glow_n3,0.0013539981098812512,1592,1580,11,2.473132848739624,2.5293405055999756,0.01847258909416043,0.06939338145374785,0.40156609839183377,3.5009281635284424,3.878321886062622,0.005903419309146513,0.08949790541188349,0.3672397026682763,4.143300533294678,5.311614990234375,0.002006032432044507,0.09629724563130163,0.03162329111546356,0.006292569250546393,0.027062352395617897,0.09653595628073156,0.0013080169601959776,2.473132848739624,3.7096991539001465,0.0,0.084311343729496,"stated by Polaron, not image-verified",1bec114301c3,790c1ef
uhdslk0o,Batch_1,ETD,39,1022158,13018176,edge_glow_n5,0.005978527781419311,1592,1542,55,2.473132848739624,2.5293405055999756,0.01847258909416043,0.06939338145374785,0.40156609839183377,3.5009281635284424,3.878321886062622,0.005903419309146513,0.08949790541188349,0.3672397026682763,4.143300533294678,5.311614990234375,0.002006032432044507,0.09629724563130163,0.03162329111546356,0.006292569250546393,0.027062352395617897,0.09653595628073156,0.0013080169601959776,2.473132848739624,3.7096991539001465,0.0,0.084311343729496,"stated by Polaron, not image-verified",1bec114301c3,790c1ef
uhdslk0o,Batch_1,ETD,39,1022158,13018176,edge_glow_n10,0.01672246365043369,1592,1473,127,2.473132848739624,2.5293405055999756,0.01847258909416043,0.06939338145374785,0.40156609839183377,3.5009281635284424,3.878321886062622,0.005903419309146513,0.08949790541188349,0.3672397026682763,4.143300533294678,5.311614990234375,0.002006032432044507,0.09629724563130163,0.03162329111546356,0.006292569250546393,0.027062352395617897,0.09653595628073156,0.0013080169601959776,2.473132848739624,3.7096991539001465,0.0,0.084311343729496,"stated by Polaron, not image-verified",1bec114301c3,790c1ef
3806gxp0,Batch_2,ETD,39,1192859,14191488,none,0.0,1018,1018,0,1.7623790502548218,2.5480761528015137,0.02525293015136771,0.07254000682394147,0.5851110650965453,2.2845654487609863,3.8221142292022705,0.008117842005836966,0.0639622956275637,0.3663048189266292,3.350695848464966,5.320982456207275,0.0008597989469731038,0.02656558738291785,0.03594138116910716,0.00259712170507998,0.014176025833732234,0.06648732163650524,0.023001880356353935,1.3272236585617065,3.5972840785980225,0.0,0.0,"stated by Polaron, not image-verified",1bec114301c3,790c1ef
3806gxp0,Batch_2,ETD,39,1192859,14191488,bright_both_p90,0.14243007765377133,1018,1037,145,1.7623790502548218,2.5480761528015137,0.02525293015136771,0.07254000682394147,0.5851110650965453,2.2845654487609863,3.8221142292022705,0.008117842005836966,0.0639622956275637,0.3663048189266292,3.350695848464966,5.320982456207275,0.0008597989469731038,0.02656558738291785,0.03594138116910716,0.00259712170507998,0.014176025833732234,0.06648732163650524,0.023001880356353935,1.3272236585617065,3.5972840785980225,0.0,0.0,"stated by Polaron, not image-verified",1bec114301c3,790c1ef
3806gxp0,Batch_2,ETD,39,1192859,14191488,bright_both_p95,0.028225465038198144,1018,987,64,1.7623790502548218,2.5480761528015137,0.02525293015136771,0.07254000682394147,0.5851110650965453,2.2845654487609863,3.8221142292022705,0.008117842005836966,0.0639622956275637,0.3663048189266292,3.350695848464966,5.320982456207275,0.0008597989469731038,0.02656558738291785,0.03594138116910716,0.00259712170507998,0.014176025833732234,0.06648732163650524,0.023001880356353935,1.3272236585617065,3.5972840785980225,0.0,0.0,"stated by Polaron, not image-verified",1bec114301c3,790c1ef
3806gxp0,Batch_2,ETD,39,1192859,14191488,bright_both_p99,0.004045742204233694,1018,1013,12,1.7623790502548218,2.5480761528015137,0.02525293015136771,0.07254000682394147,0.5851110650965453,2.2845654487609863,3.8221142292022705,0.008117842005836966,0.0639622956275637,0.3663048189266292,3.350695848464966,5.320982456207275,0.0008597989469731038,0.02656558738291785,0.03594138116910716,0.00259712170507998,0.014176025833732234,0.06648732163650524,0.023001880356353935,1.3272236585617065,3.5972840785980225,0.0,0.0,"stated by Polaron, not image-verified",1bec114301c3,790c1ef
3806gxp0,Batch_2,ETD,39,1192859,14191488,edge_glow_n3,0.00019449071516415602,1018,1018,0,1.7623790502548218,2.5480761528015137,0.02525293015136771,0.07254000682394147,0.5851110650965453,2.2845654487609863,3.8221142292022705,0.008117842005836966,0.0639622956275637,0.3663048189266292,3.350695848464966,5.320982456207275,0.0008597989469731038,0.02656558738291785,0.03594138116910716,0.00259712170507998,0.014176025833732234,0.06648732163650524,0.023001880356353935,1.3272236585617065,3.5972840785980225,0.0,0.0,"stated by Polaron, not image-verified",1bec114301c3,790c1ef
3806gxp0,Batch_2,ETD,39,1192859,14191488,edge_glow_n5,0.0014704168724048693,1018,1013,5,1.7623790502548218,2.5480761528015137,0.02525293015136771,0.07254000682394147,0.5851110650965453,2.2845654487609863,3.8221142292022705,0.008117842005836966,0.0639622956275637,0.3663048189266292,3.350695848464966,5.320982456207275,0.0008597989469731038,0.02656558738291785,0.03594138116910716,0.00259712170507998,0.014176025833732234,0.06648732163650524,0.023001880356353935,1.3272236585617065,3.5972840785980225,0.0,0.0,"stated by Polaron, not image-verified",1bec114301c3,790c1ef
3806gxp0,Batch_2,ETD,39,1192859,14191488,edge_glow_n10,0.005184183545582504,1018,997,23,1.7623790502548218,2.5480761528015137,0.02525293015136771,0.07254000682394147,0.5851110650965453,2.2845654487609863,3.8221142292022705,0.008117842005836966,0.0639622956275637,0.3663048189266292,3.350695848464966,5.320982456207275,0.0008597989469731038,0.02656558738291785,0.03594138116910716,0.00259712170507998,0.014176025833732234,0.06648732163650524,0.023001880356353935,1.3272236585617065,3.5972840785980225,0.0,0.0,"stated by Polaron, not image-verified",1bec114301c3,790c1ef
avn74qx1,Batch_2,ETD,39,1106202,14191488,none,0.0,1106,1106,0,1.653590202331543,2.40889573097229,0.029369673693472778,0.04862131871032596,0.42434564392398494,2.1105031967163086,4.43236780166626,0.00807608075359583,0.046427325208235025,0.4170359482264541,3.1983914375305176,5.974061489105225,0.0010242339944550563,0.013808508753374157,0.03954702667324774,0.004276795738933757,0.020503488512947907,0.08416636382866782,0.027497690295262528,1.2619503736495972,4.143300533294678,0.0,0.0,"stated by Polaron, not image-verified",1bec114301c3,790c1ef
avn74qx1,Batch_2,ETD,39,1106202,14191488,bright_both_p90,0.20673710588120434,1106,1345,134,1.653590202331543,2.40889573097229,0.029369673693472778,0.04862131871032596,0.42434564392398494,2.1105031967163086,4.43236780166626,0.00807608075359583,0.046427325208235025,0.4170359482264541,3.1983914375305176,5.974061489105225,0.0010242339944550563,0.013808508753374157,0.03954702667324774,0.004276795738933757,0.020503488512947907,0.08416636382866782,0.027497690295262528,1.2619503736495972,4.143300533294678,0.0,0.0,"stated by Polaron, not image-verified",1bec114301c3,790c1ef
avn74qx1,Batch_2,ETD,39,1106202,14191488,bright_both_p95,0.03567974022827657,1106,1095,48,1.653590202331543,2.40889573097229,0.029369673693472778,0.04862131871032596,0.42434564392398494,2.1105031967163086,4.43236780166626,0.00807608075359583,0.046427325208235025,0.4170359482264541,3.1983914375305176,5.974061489105225,0.0010242339944550563,0.013808508753374157,0.03954702667324774,0.004276795738933757,0.020503488512947907,0.08416636382866782,0.027497690295262528,1.2619503736495972,4.143300533294678,0.0,0.0,"stated by Polaron, not image-verified",1bec114301c3,790c1ef
avn74qx1,Batch_2,ETD,39,1106202,14191488,bright_both_p99,0.002326880623972837,1106,1101,10,1.653590202331543,2.40889573097229,0.029369673693472778,0.04862131871032596,0.42434564392398494,2.1105031967163086,4.43236780166626,0.00807608075359583,0.046427325208235025,0.4170359482264541,3.1983914375305176,5.974061489105225,0.0010242339944550563,0.013808508753374157,0.03954702667324774,0.004276795738933757,0.020503488512947907,0.08416636382866782,0.027497690295262528,1.2619503736495972,4.143300533294678,0.0,0.0,"stated by Polaron, not image-verified",1bec114301c3,790c1ef
avn74qx1,Batch_2,ETD,39,1106202,14191488,edge_glow_n3,0.00013379111590830609,1106,1106,0,1.653590202331543,2.40889573097229,0.029369673693472778,0.04862131871032596,0.42434564392398494,2.1105031967163086,4.43236780166626,0.00807608075359583,0.046427325208235025,0.4170359482264541,3.1983914375305176,5.974061489105225,0.0010242339944550563,0.013808508753374157,0.03954702667324774,0.004276795738933757,0.020503488512947907,0.08416636382866782,0.027497690295262528,1.2619503736495972,4.143300533294678,0.0,0.0,"stated by Polaron, not image-verified",1bec114301c3,790c1ef
avn74qx1,Batch_2,ETD,39,1106202,14191488,edge_glow_n5,0.000887722133932139,1106,1101,5,1.653590202331543,2.40889573097229,0.029369673693472778,0.04862131871032596,0.42434564392398494,2.1105031967163086,4.43236780166626,0.00807608075359583,0.046427325208235025,0.4170359482264541,3.1983914375305176,5.974061489105225,0.0010242339944550563,0.013808508753374157,0.03954702667324774,0.004276795738933757,0.020503488512947907,0.08416636382866782,0.027497690295262528,1.2619503736495972,4.143300533294678,0.0,0.0,"stated by Polaron, not image-verified",1bec114301c3,790c1ef
avn74qx1,Batch_2,ETD,39,1106202,14191488,edge_glow_n10,0.0045498019349088144,1106,1097,17,1.653590202331543,2.40889573097229,0.029369673693472778,0.04862131871032596,0.42434564392398494,2.1105031967163086,4.43236780166626,0.00807608075359583,0.046427325208235025,0.4170359482264541,3.1983914375305176,5.974061489105225,0.0010242339944550563,0.013808508753374157,0.03954702667324774,0.004276795738933757,0.020503488512947907,0.08416636382866782,0.027497690295262528,1.2619503736495972,4.143300533294678,0.0,0.0,"stated by Polaron, not image-verified",1bec114301c3,790c1ef
b3esycq1,Batch_2,ETD,52,1640129,14945760,none,0.0,2147,2147,0,1.655568242073059,3.9505889415740967,0.013825012091779788,0.11953023207320887,0.39622736992029284,2.5446698665618896,5.010502815246582,0.005361650542468866,0.12046796319070024,0.24904016696247674,3.219160556793213,7.612110137939453,0.0013037983137451975,0.08473601771567968,0.03802018011997837,0.006190976441487224,0.02389812020883723,0.08320686970354162,0.009644973047851724,1.1037122011184692,4.43236780166626,0.06131734326481819,0.0,"stated by Polaron, not image-verified",1bec114301c3,790c1ef
b3esycq1,Batch_2,ETD,52,1640129,14945760,bright_both_p90,0.2506071168792211,2147,2219,261,1.655568242073059,3.9505889415740967,0.013825012091779788,0.11953023207320887,0.39622736992029284,2.5446698665618896,5.010502815246582,0.005361650542468866,0.12046796319070024,0.24904016696247674,3.219160556793213,7.612110137939453,0.0013037983137451975,0.08473601771567968,0.03802018011997837,0.006190976441487224,0.02389812020883723,0.08320686970354162,0.009644973047851724,1.1037122011184692,4.43236780166626,0.06131734326481819,0.0,"stated by Polaron, not image-verified",1bec114301c3,790c1ef
b3esycq1,Batch_2,ETD,52,1640129,14945760,bright_both_p95,0.07787680115405557,2147,2185,153,1.655568242073059,3.9505889415740967,0.013825012091779788,0.11953023207320887,0.39622736992029284,2.5446698665618896,5.010502815246582,0.005361650542468866,0.12046796319070024,0.24904016696247674,3.219160556793213,7.612110137939453,0.0013037983137451975,0.08473601771567968,0.03802018011997837,0.006190976441487224,0.02389812020883723,0.08320686970354162,0.009644973047851724,1.1037122011184692,4.43236780166626,0.06131734326481819,0.0,"stated by Polaron, not image-verified",1bec114301c3,790c1ef
b3esycq1,Batch_2,ETD,52,1640129,14945760,bright_both_p99,0.008156065772875183,2147,2109,47,1.655568242073059,3.9505889415740967,0.013825012091779788,0.11953023207320887,0.39622736992029284,2.5446698665618896,5.010502815246582,0.005361650542468866,0.12046796319070024,0.24904016696247674,3.219160556793213,7.612110137939453,0.0013037983137451975,0.08473601771567968,0.03802018011997837,0.006190976441487224,0.02389812020883723,0.08320686970354162,0.009644973047851724,1.1037122011184692,4.43236780166626,0.06131734326481819,0.0,"stated by Polaron, not image-verified",1bec114301c3,790c1ef
b3esycq1,Batch_2,ETD,52,1640129,14945760,edge_glow_n3,0.0007749390444288224,2147,2142,7,1.655568242073059,3.9505889415740967,0.013825012091779788,0.11953023207320887,0.39622736992029284,2.5446698665618896,5.010502815246582,0.005361650542468866,0.12046796319070024,0.24904016696247674,3.219160556793213,7.612110137939453,0.0013037983137451975,0.08473601771567968,0.03802018011997837,0.006190976441487224,0.02389812020883723,0.08320686970354162,0.009644973047851724,1.1037122011184692,4.43236780166626,0.06131734326481819,0.0,"stated by Polaron, not image-verified",1bec114301c3,790c1ef
b3esycq1,Batch_2,ETD,52,1640129,14945760,edge_glow_n5,0.0030802455172733363,2147,2128,22,1.655568242073059,3.9505889415740967,0.013825012091779788,0.11953023207320887,0.39622736992029284,2.5446698665618896,5.010502815246582,0.005361650542468866,0.12046796319070024,0.24904016696247674,3.219160556793213,7.612110137939453,0.0013037983137451975,0.08473601771567968,0.03802018011997837,0.006190976441487224,0.02389812020883723,0.08320686970354162,0.009644973047851724,1.1037122011184692,4.43236780166626,0.06131734326481819,0.0,"stated by Polaron, not image-verified",1bec114301c3,790c1ef
b3esycq1,Batch_2,ETD,52,1640129,14945760,edge_glow_n10,0.008881008749921501,2147,2090,71,1.655568242073059,3.9505889415740967,0.013825012091779788,0.11953023207320887,0.39622736992029284,2.5446698665618896,5.010502815246582,0.005361650542468866,0.12046796319070024,0.24904016696247674,3.219160556793213,7.612110137939453,0.0013037983137451975,0.08473601771567968,0.03802018011997837,0.006190976441487224,0.02389812020883723,0.08320686970354162,0.009644973047851724,1.1037122011184692,4.43236780166626,0.06131734326481819,0.0,"stated by Polaron, not image-verified",1bec114301c3,790c1ef
epqdaau9,Batch_2,ETD,52,1263262,14889888,none,0.0,1843,1843,0,1.8678206205368042,3.8542330265045166,0.01466855368692973,0.10552047002126241,0.3863220772887968,2.5682532787323,5.203214645385742,0.00534166144914692,0.11441490363835848,0.29377674623316463,3.42433762550354,7.804821968078613,0.0009186983875270782,0.07404085613277372,0.05187522461690449,0.007080083149813736,0.03145190783859564,0.11657676713144224,0.0038835965935807458,1.7640527486801147,4.81779146194458,0.0,0.0,"stated by Polaron, not image-verified",1bec114301c3,790c1ef
epqdaau9,Batch_2,ETD,52,1263262,14889888,bright_both_p90,0.345197591631823,1843,2150,325,1.8678206205368042,3.8542330265045166,0.01466855368692973,0.10552047002126241,0.3863220772887968,2.5682532787323,5.203214645385742,0.00534166144914692,0.11441490363835848,0.29377674623316463,3.42433762550354,7.804821968078613,0.0009186983875270782,0.07404085613277372,0.05187522461690449,0.007080083149813736,0.03145190783859564,0.11657676713144224,0.0038835965935807458,1.7640527486801147,4.81779146194458,0.0,0.0,"stated by Polaron, not image-verified",1bec114301c3,790c1ef
epqdaau9,Batch_2,ETD,52,1263262,14889888,bright_both_p95,0.07444298965693577,1843,1823,177,1.8678206205368042,3.8542330265045166,0.01466855368692973,0.10552047002126241,0.3863220772887968,2.5682532787323,5.203214645385742,0.00534166144914692,0.11441490363835848,0.29377674623316463,3.42433762550354,7.804821968078613,0.0009186983875270782,0.07404085613277372,0.05187522461690449,0.007080083149813736,0.03145190783859564,0.11657676713144224,0.0038835965935807458,1.7640527486801147,4.81779146194458,0.0,0.0,"stated by Polaron, not image-verified",1bec114301c3,790c1ef
epqdaau9,Batch_2,ETD,52,1263262,14889888,bright_both_p99,0.011934183091076911,1843,1837,34,1.8678206205368042,3.8542330265045166,0.01466855368692973,0.10552047002126241,0.3863220772887968,2.5682532787323,5.203214645385742,0.00534166144914692,0.11441490363835848,0.29377674623316463,3.42433762550354,7.804821968078613,0.0009186983875270782,0.07404085613277372,0.05187522461690449,0.007080083149813736,0.03145190783859564,0.11657676713144224,0.0038835965935807458,1.7640527486801147,4.81779146194458,0.0,0.0,"stated by Polaron, not image-verified",1bec114301c3,790c1ef
epqdaau9,Batch_2,ETD,52,1263262,14889888,edge_glow_n3,0.000864428756663305,1843,1841,1,1.8678206205368042,3.8542330265045166,0.01466855368692973,0.10552047002126241,0.3863220772887968,2.5682532787323,5.203214645385742,0.00534166144914692,0.11441490363835848,0.29377674623316463,3.42433762550354,7.804821968078613,0.0009186983875270782,0.07404085613277372,0.05187522461690449,0.007080083149813736,0.03145190783859564,0.11657676713144224,0.0038835965935807458,1.7640527486801147,4.81779146194458,0.0,0.0,"stated by Polaron, not image-verified",1bec114301c3,790c1ef
epqdaau9,Batch_2,ETD,52,1263262,14889888,edge_glow_n5,0.004024501647322567,1843,1828,20,1.8678206205368042,3.8542330265045166,0.01466855368692973,0.10552047002126241,0.3863220772887968,2.5682532787323,5.203214645385742,0.00534166144914692,0.11441490363835848,0.29377674623316463,3.42433762550354,7.804821968078613,0.0009186983875270782,0.07404085613277372,0.05187522461690449,0.007080083149813736,0.03145190783859564,0.11657676713144224,0.0038835965935807458,1.7640527486801147,4.81779146194458,0.0,0.0,"stated by Polaron, not image-verified",1bec114301c3,790c1ef
epqdaau9,Batch_2,ETD,52,1263262,14889888,edge_glow_n10,0.012219159604262616,1843,1815,61,1.8678206205368042,3.8542330265045166,0.01466855368692973,0.10552047002126241,0.3863220772887968,2.5682532787323,5.203214645385742,0.00534166144914692,0.11441490363835848,0.29377674623316463,3.42433762550354,7.804821968078613,0.0009186983875270782,0.07404085613277372,0.05187522461690449,0.007080083149813736,0.03145190783859564,0.11657676713144224,0.0038835965935807458,1.7640527486801147,4.81779146194458,0.0,0.0,"stated by Polaron, not image-verified",1bec114301c3,790c1ef
i9jiqjwl,Batch_2,ETD,52,1543072,15755904,none,0.0,1733,1733,0,2.1028239727020264,4.496604919433594,0.013518974349756997,0.0652393407436594,0.2765554685717841,3.2931017875671387,6.182831764221191,0.003811464779453031,0.14862624686339976,0.2586515729661351,4.523055553436279,10.904267311096191,0.00036358323088751495,0.043397845337093795,0.062237536550465565,0.006293938325625765,0.02460222206092781,0.09056155513158168,0.0029467192716866094,1.9441204071044922,5.733171463012695,0.0,0.0,"stated by Polaron, not image-verified",1bec114301c3,790c1ef
i9jiqjwl,Batch_2,ETD,52,1543072,15755904,bright_both_p90,0.4197017378320649,1733,2098,255,2.1028239727020264,4.496604919433594,0.013518974349756997,0.0652393407436594,0.2765554685717841,3.2931017875671387,6.182831764221191,0.003811464779453031,0.14862624686339976,0.2586515729661351,4.523055553436279,10.904267311096191,0.00036358323088751495,0.043397845337093795,0.062237536550465565,0.006293938325625765,0.02460222206092781,0.09056155513158168,0.0029467192716866094,1.9441204071044922,5.733171463012695,0.0,0.0,"stated by Polaron, not image-verified",1bec114301c3,790c1ef
i9jiqjwl,Batch_2,ETD,52,1543072,15755904,bright_both_p95,0.13316423342527114,1733,1796,138,2.1028239727020264,4.496604919433594,0.013518974349756997,0.0652393407436594,0.2765554685717841,3.2931017875671387,6.182831764221191,0.003811464779453031,0.14862624686339976,0.2586515729661351,4.523055553436279,10.904267311096191,0.00036358323088751495,0.043397845337093795,0.062237536550465565,0.006293938325625765,0.02460222206092781,0.09056155513158168,0.0029467192716866094,1.9441204071044922,5.733171463012695,0.0,0.0,"stated by Polaron, not image-verified",1bec114301c3,790c1ef
i9jiqjwl,Batch_2,ETD,52,1543072,15755904,bright_both_p99,0.02093810269384708,1733,1716,27,2.1028239727020264,4.496604919433594,0.013518974349756997,0.0652393407436594,0.2765554685717841,3.2931017875671387,6.182831764221191,0.003811464779453031,0.14862624686339976,0.2586515729661351,4.523055553436279,10.904267311096191,0.00036358323088751495,0.043397845337093795,0.062237536550465565,0.006293938325625765,0.02460222206092781,0.09056155513158168,0.0029467192716866094,1.9441204071044922,5.733171463012695,0.0,0.0,"stated by Polaron, not image-verified",1bec114301c3,790c1ef
i9jiqjwl,Batch_2,ETD,52,1543072,15755904,edge_glow_n3,0.0005015968146658095,1733,1722,11,2.1028239727020264,4.496604919433594,0.013518974349756997,0.0652393407436594,0.2765554685717841,3.2931017875671387,6.182831764221191,0.003811464779453031,0.14862624686339976,0.2586515729661351,4.523055553436279,10.904267311096191,0.00036358323088751495,0.043397845337093795,0.062237536550465565,0.006293938325625765,0.02460222206092781,0.09056155513158168,0.0029467192716866094,1.9441204071044922,5.733171463012695,0.0,0.0,"stated by Polaron, not image-verified",1bec114301c3,790c1ef
i9jiqjwl,Batch_2,ETD,52,1543072,15755904,edge_glow_n5,0.0021010037120756516,1733,1708,30,2.1028239727020264,4.496604919433594,0.013518974349756997,0.0652393407436594,0.2765554685717841,3.2931017875671387,6.182831764221191,0.003811464779453031,0.14862624686339976,0.2586515729661351,4.523055553436279,10.904267311096191,0.00036358323088751495,0.043397845337093795,0.062237536550465565,0.006293938325625765,0.02460222206092781,0.09056155513158168,0.0029467192716866094,1.9441204071044922,5.733171463012695,0.0,0.0,"stated by Polaron, not image-verified",1bec114301c3,790c1ef
i9jiqjwl,Batch_2,ETD,52,1543072,15755904,edge_glow_n10,0.006846083656498206,1733,1683,58,2.1028239727020264,4.496604919433594,0.013518974349756997,0.0652393407436594,0.2765554685717841,3.2931017875671387,6.182831764221191,0.003811464779453031,0.14862624686339976,0.2586515729661351,4.523055553436279,10.904267311096191,0.00036358323088751495,0.043397845337093795,0.062237536550465565,0.006293938325625765,0.02460222206092781,0.09056155513158168,0.0029467192716866094,1.9441204071044922,5.733171463012695,0.0,0.0,"stated by Polaron, not image-verified",1bec114301c3,790c1ef
r17byphk,Batch_2,ETD,52,1898809,14414976,none,0.0,1605,1605,0,1.535048007965088,1.6862268447875977,0.022399912034624967,0.1143616867204653,0.32242052781506725,2.418863534927368,2.6417553424835205,0.006108114116318947,0.09106813797490954,0.19668539595083023,3.4422287940979004,4.327982425689697,0.0006003489746765815,0.061512242674223686,0.023384131842644523,0.011390297812997515,0.03876535238668028,0.12383025359580664,0.03449214744610964,0.8372988700866699,1.2365663051605225,0.0,0.0562075600028038,"stated by Polaron, not image-verified",1bec114301c3,790c1ef
r17byphk,Batch_2,ETD,52,1898809,14414976,bright_both_p90,0.13452169228184616,1605,1510,437,1.535048007965088,1.6862268447875977,0.022399912034624967,0.1143616867204653,0.32242052781506725,2.418863534927368,2.6417553424835205,0.006108114116318947,0.09106813797490954,0.19668539595083023,3.4422287940979004,4.327982425689697,0.0006003489746765815,0.061512242674223686,0.023384131842644523,0.011390297812997515,0.03876535238668028,0.12383025359580664,0.03449214744610964,0.8372988700866699,1.2365663051605225,0.0,0.0562075600028038,"stated by Polaron, not image-verified",1bec114301c3,790c1ef
r17byphk,Batch_2,ETD,52,1898809,14414976,bright_both_p95,0.058845307769238506,1605,1499,243,1.535048007965088,1.6862268447875977,0.022399912034624967,0.1143616867204653,0.32242052781506725,2.418863534927368,2.6417553424835205,0.006108114116318947,0.09106813797490954,0.19668539595083023,3.4422287940979004,4.327982425689697,0.0006003489746765815,0.061512242674223686,0.023384131842644523,0.011390297812997515,0.03876535238668028,0.12383025359580664,0.03449214744610964,0.8372988700866699,1.2365663051605225,0.0,0.0562075600028038,"stated by Polaron, not image-verified",1bec114301c3,790c1ef
r17byphk,Batch_2,ETD,52,1898809,14414976,bright_both_p99,0.017780619325061132,1605,1606,52,1.535048007965088,1.6862268447875977,0.022399912034624967,0.1143616867204653,0.32242052781506725,2.418863534927368,2.6417553424835205,0.006108114116318947,0.09106813797490954,0.19668539595083023,3.4422287940979004,4.327982425689697,0.0006003489746765815,0.061512242674223686,0.023384131842644523,0.011390297812997515,0.03876535238668028,0.12383025359580664,0.03449214744610964,0.8372988700866699,1.2365663051605225,0.0,0.0562075600028038,"stated by Polaron, not image-verified",1bec114301c3,790c1ef
r17byphk,Batch_2,ETD,52,1898809,14414976,edge_glow_n3,0.002459436415142334,1605,1598,10,1.535048007965088,1.6862268447875977,0.022399912034624967,0.1143616867204653,0.32242052781506725,2.418863534927368,2.6417553424835205,0.006108114116318947,0.09106813797490954,0.19668539595083023,3.4422287940979004,4.327982425689697,0.0006003489746765815,0.061512242674223686,0.023384131842644523,0.011390297812997515,0.03876535238668028,0.12383025359580664,0.03449214744610964,0.8372988700866699,1.2365663051605225,0.0,0.0562075600028038,"stated by Polaron, not image-verified",1bec114301c3,790c1ef
r17byphk,Batch_2,ETD,52,1898809,14414976,edge_glow_n5,0.008653319001542545,1605,1555,58,1.535048007965088,1.6862268447875977,0.022399912034624967,0.1143616867204653,0.32242052781506725,2.418863534927368,2.6417553424835205,0.006108114116318947,0.09106813797490954,0.19668539595083023,3.4422287940979004,4.327982425689697,0.0006003489746765815,0.061512242674223686,0.023384131842644523,0.011390297812997515,0.03876535238668028,0.12383025359580664,0.03449214744610964,0.8372988700866699,1.2365663051605225,0.0,0.0562075600028038,"stated by Polaron, not image-verified",1bec114301c3,790c1ef
r17byphk,Batch_2,ETD,52,1898809,14414976,edge_glow_n10,0.021712557713809026,1605,1521,108,1.535048007965088,1.6862268447875977,0.022399912034624967,0.1143616867204653,0.32242052781506725,2.418863534927368,2.6417553424835205,0.006108114116318947,0.09106813797490954,0.19668539595083023,3.4422287940979004,4.327982425689697,0.0006003489746765815,0.061512242674223686,0.023384131842644523,0.011390297812997515,0.03876535238668028,0.12383025359580664,0.03449214744610964,0.8372988700866699,1.2365663051605225,0.0,0.0562075600028038,"stated by Polaron, not image-verified",1bec114301c3,790c1ef
rxax5ozo,Batch_2,SE,52,1391611,14331168,none,0.0,1697,1697,0,1.5588229894638062,3.0352084636688232,0.021220828782933958,0.06532860116799881,0.3551588770137632,1.858596682548523,4.468501567840576,0.007305981367868287,0.07792694941330587,0.2918480811088731,2.263291120529175,6.239039421081543,0.0017176461563108629,0.051845666641036896,0.02936524646614607,0.010911095126439788,0.0393874437612235,0.12055308559647775,0.001955287792350017,1.378958821296692,3.9626333713531494,-0.04496604949235916,0.0,"stated by Polaron, not image-verified",1bec114301c3,790c1ef
rxax5ozo,Batch_2,SE,52,1391611,14331168,bright_both_p90,0.2977699946321206,1697,2105,198,1.5588229894638062,3.0352084636688232,0.021220828782933958,0.06532860116799881,0.3551588770137632,1.858596682548523,4.468501567840576,0.007305981367868287,0.07792694941330587,0.2918480811088731,2.263291120529175,6.239039421081543,0.0017176461563108629,0.051845666641036896,0.02936524646614607,0.010911095126439788,0.0393874437612235,0.12055308559647775,0.001955287792350017,1.378958821296692,3.9626333713531494,-0.04496604949235916,0.0,"stated by Polaron, not image-verified",1bec114301c3,790c1ef
rxax5ozo,Batch_2,SE,52,1391611,14331168,bright_both_p95,0.08651914938873004,1697,1756,72,1.5588229894638062,3.0352084636688232,0.021220828782933958,0.06532860116799881,0.3551588770137632,1.858596682548523,4.468501567840576,0.007305981367868287,0.07792694941330587,0.2918480811088731,2.263291120529175,6.239039421081543,0.0017176461563108629,0.051845666641036896,0.02936524646614607,0.010911095126439788,0.0393874437612235,0.12055308559647775,0.001955287792350017,1.378958821296692,3.9626333713531494,-0.04496604949235916,0.0,"stated by Polaron, not image-verified",1bec114301c3,790c1ef
rxax5ozo,Batch_2,SE,52,1391611,14331168,bright_both_p99,0.012954769687793499,1697,1695,23,1.5588229894638062,3.0352084636688232,0.021220828782933958,0.06532860116799881,0.3551588770137632,1.858596682548523,4.468501567840576,0.007305981367868287,0.07792694941330587,0.2918480811088731,2.263291120529175,6.239039421081543,0.0017176461563108629,0.051845666641036896,0.02936524646614607,0.010911095126439788,0.0393874437612235,0.12055308559647775,0.001955287792350017,1.378958821296692,3.9626333713531494,-0.04496604949235916,0.0,"stated by Polaron, not image-verified",1bec114301c3,790c1ef
rxax5ozo,Batch_2,SE,52,1391611,14331168,edge_glow_n3,0.0008723702241502834,1697,1697,0,1.5588229894638062,3.0352084636688232,0.021220828782933958,0.06532860116799881,0.3551588770137632,1.858596682548523,4.468501567840576,0.007305981367868287,0.07792694941330587,0.2918480811088731,2.263291120529175,6.239039421081543,0.0017176461563108629,0.051845666641036896,0.02936524646614607,0.010911095126439788,0.0393874437612235,0.12055308559647775,0.001955287792350017,1.378958821296692,3.9626333713531494,-0.04496604949235916,0.0,"stated by Polaron, not image-verified",1bec114301c3,790c1ef
rxax5ozo,Batch_2,SE,52,1391611,14331168,edge_glow_n5,0.0032171346734108886,1697,1695,10,1.5588229894638062,3.0352084636688232,0.021220828782933958,0.06532860116799881,0.3551588770137632,1.858596682548523,4.468501567840576,0.007305981367868287,0.07792694941330587,0.2918480811088731,2.263291120529175,6.239039421081543,0.0017176461563108629,0.051845666641036896,0.02936524646614607,0.010911095126439788,0.0393874437612235,0.12055308559647775,0.001955287792350017,1.378958821296692,3.9626333713531494,-0.04496604949235916,0.0,"stated by Polaron, not image-verified",1bec114301c3,790c1ef
rxax5ozo,Batch_2,SE,52,1391611,14331168,edge_glow_n10,0.008682023927663693,1697,1695,22,1.5588229894638062,3.0352084636688232,0.021220828782933958,0.06532860116799881,0.3551588770137632,1.858596682548523,4.468501567840576,0.007305981367868287,0.07792694941330587,0.2918480811088731,2.263291120529175,6.239039421081543,0.0017176461563108629,0.051845666641036896,0.02936524646614607,0.010911095126439788,0.0393874437612235,0.12055308559647775,0.001955287792350017,1.378958821296692,3.9626333713531494,-0.04496604949235916,0.0,"stated by Polaron, not image-verified",1bec114301c3,790c1ef
0grcilhi,Batch_3,ETD,39,1655204,13185792,none,0.0,2600,2600,0,3.5777335166931152,2.330059051513672,0.022565792896373865,0.12492176190971022,0.3919528952322493,4.545481204986572,3.249819278717041,0.008687123180883912,0.07980043547502302,0.20943219083569156,5.1026692390441895,5.089339733123779,0.0020166867746967488,0.07134770094804024,0.02821102413962267,0.005045299552200212,0.02818081638275403,0.11841924016616683,0.0004845324201729817,2.4340319633483887,2.391376495361328,-0.29325684905052185,0.0,"stated by Polaron, not image-verified",1bec114301c3,790c1ef
0grcilhi,Batch_3,ETD,39,1655204,13185792,bright_both_p90,0.13020932767199692,2600,2608,381,3.5777335166931152,2.330059051513672,0.022565792896373865,0.12492176190971022,0.3919528952322493,4.545481204986572,3.249819278717041,0.008687123180883912,0.07980043547502302,0.20943219083569156,5.1026692390441895,5.089339733123779,0.0020166867746967488,0.07134770094804024,0.02821102413962267,0.005045299552200212,0.02818081638275403,0.11841924016616683,0.0004845324201729817,2.4340319633483887,2.391376495361328,-0.29325684905052185,0.0,"stated by Polaron, not image-verified",1bec114301c3,790c1ef
0grcilhi,Batch_3,ETD,39,1655204,13185792,bright_both_p95,0.05944403227638406,2600,2632,164,3.5777335166931152,2.330059051513672,0.022565792896373865,0.12492176190971022,0.3919528952322493,4.545481204986572,3.249819278717041,0.008687123180883912,0.07980043547502302,0.20943219083569156,5.1026692390441895,5.089339733123779,0.0020166867746967488,0.07134770094804024,0.02821102413962267,0.005045299552200212,0.02818081638275403,0.11841924016616683,0.0004845324201729817,2.4340319633483887,2.391376495361328,-0.29325684905052185,0.0,"stated by Polaron, not image-verified",1bec114301c3,790c1ef
0grcilhi,Batch_3,ETD,39,1655204,13185792,bright_both_p99,0.02103547357304598,2600,2608,50,3.5777335166931152,2.330059051513672,0.022565792896373865,0.12492176190971022,0.3919528952322493,4.545481204986572,3.249819278717041,0.008687123180883912,0.07980043547502302,0.20943219083569156,5.1026692390441895,5.089339733123779,0.0020166867746967488,0.07134770094804024,0.02821102413962267,0.005045299552200212,0.02818081638275403,0.11841924016616683,0.0004845324201729817,2.4340319633483887,2.391376495361328,-0.29325684905052185,0.0,"stated by Polaron, not image-verified",1bec114301c3,790c1ef
0grcilhi,Batch_3,ETD,39,1655204,13185792,edge_glow_n3,0.0006923617874292232,2600,2599,1,3.5777335166931152,2.330059051513672,0.022565792896373865,0.12492176190971022,0.3919528952322493,4.545481204986572,3.249819278717041,0.008687123180883912,0.07980043547502302,0.20943219083569156,5.1026692390441895,5.089339733123779,0.0020166867746967488,0.07134770094804024,0.02821102413962267,0.005045299552200212,0.02818081638275403,0.11841924016616683,0.0004845324201729817,2.4340319633483887,2.391376495361328,-0.29325684905052185,0.0,"stated by Polaron, not image-verified",1bec114301c3,790c1ef
0grcilhi,Batch_3,ETD,39,1655204,13185792,edge_glow_n5,0.0037264288873154004,2600,2585,18,3.5777335166931152,2.330059051513672,0.022565792896373865,0.12492176190971022,0.3919528952322493,4.545481204986572,3.249819278717041,0.008687123180883912,0.07980043547502302,0.20943219083569156,5.1026692390441895,5.089339733123779,0.0020166867746967488,0.07134770094804024,0.02821102413962267,0.005045299552200212,0.02818081638275403,0.11841924016616683,0.0004845324201729817,2.4340319633483887,2.391376495361328,-0.29325684905052185,0.0,"stated by Polaron, not image-verified",1bec114301c3,790c1ef
0grcilhi,Batch_3,ETD,39,1655204,13185792,edge_glow_n10,0.013998878688065037,2600,2577,50,3.5777335166931152,2.330059051513672,0.022565792896373865,0.12492176190971022,0.3919528952322493,4.545481204986572,3.249819278717041,0.008687123180883912,0.07980043547502302,0.20943219083569156,5.1026692390441895,5.089339733123779,0.0020166867746967488,0.07134770094804024,0.02821102413962267,0.005045299552200212,0.02818081638275403,0.11841924016616683,0.0004845324201729817,2.4340319633483887,2.391376495361328,-0.29325684905052185,0.0,"stated by Polaron, not image-verified",1bec114301c3,790c1ef
71vgq3fw,Batch_3,ETD,39,1401367,14275296,none,0.0,2253,2253,0,8.431134223937988,3.5972838401794434,0.021304835362733924,0.09230487088678412,0.5723218828472484,10.904267311096191,4.833850383758545,0.007560318597943337,0.07295733380335058,0.2946002010893649,15.625701904296875,7.30698299407959,0.0005328832398199948,0.032100085131161214,0.04281176879432725,0.005533882273522924,0.026420630712725504,0.10538709702740252,1.4271778913018502e-06,5.395925998687744,4.384189605712891,-0.2248302400112152,0.0,"stated by Polaron, not image-verified",1bec114301c3,790c1ef
71vgq3fw,Batch_3,ETD,39,1401367,14275296,bright_both_p90,0.12007561188468117,2253,1863,633,8.431134223937988,3.5972838401794434,0.021304835362733924,0.09230487088678412,0.5723218828472484,10.904267311096191,4.833850383758545,0.007560318597943337,0.07295733380335058,0.2946002010893649,15.625701904296875,7.30698299407959,0.0005328832398199948,0.032100085131161214,0.04281176879432725,0.005533882273522924,0.026420630712725504,0.10538709702740252,1.4271778913018502e-06,5.395925998687744,4.384189605712891,-0.2248302400112152,0.0,"stated by Polaron, not image-verified",1bec114301c3,790c1ef
71vgq3fw,Batch_3,ETD,39,1401367,14275296,bright_both_p95,0.05335647264421097,2253,2053,333,8.431134223937988,3.5972838401794434,0.021304835362733924,0.09230487088678412,0.5723218828472484,10.904267311096191,4.833850383758545,0.007560318597943337,0.07295733380335058,0.2946002010893649,15.625701904296875,7.30698299407959,0.0005328832398199948,0.032100085131161214,0.04281176879432725,0.005533882273522924,0.026420630712725504,0.10538709702740252,1.4271778913018502e-06,5.395925998687744,4.384189605712891,-0.2248302400112152,0.0,"stated by Polaron, not image-verified",1bec114301c3,790c1ef
71vgq3fw,Batch_3,ETD,39,1401367,14275296,bright_both_p99,0.009721935795548205,2253,2212,54,8.431134223937988,3.5972838401794434,0.021304835362733924,0.09230487088678412,0.5723218828472484,10.904267311096191,4.833850383758545,0.007560318597943337,0.07295733380335058,0.2946002010893649,15.625701904296875,7.30698299407959,0.0005328832398199948,0.032100085131161214,0.04281176879432725,0.005533882273522924,0.026420630712725504,0.10538709702740252,1.4271778913018502e-06,5.395925998687744,4.384189605712891,-0.2248302400112152,0.0,"stated by Polaron, not image-verified",1bec114301c3,790c1ef
71vgq3fw,Batch_3,ETD,39,1401367,14275296,edge_glow_n3,0.0010696698295307367,2253,2243,10,8.431134223937988,3.5972838401794434,0.021304835362733924,0.09230487088678412,0.5723218828472484,10.904267311096191,4.833850383758545,0.007560318597943337,0.07295733380335058,0.2946002010893649,15.625701904296875,7.30698299407959,0.0005328832398199948,0.032100085131161214,0.04281176879432725,0.005533882273522924,0.026420630712725504,0.10538709702740252,1.4271778913018502e-06,5.395925998687744,4.384189605712891,-0.2248302400112152,0.0,"stated by Polaron, not image-verified",1bec114301c3,790c1ef
71vgq3fw,Batch_3,ETD,39,1401367,14275296,edge_glow_n5,0.005015816698980353,2253,2219,40,8.431134223937988,3.5972838401794434,0.021304835362733924,0.09230487088678412,0.5723218828472484,10.904267311096191,4.833850383758545,0.007560318597943337,0.07295733380335058,0.2946002010893649,15.625701904296875,7.30698299407959,0.0005328832398199948,0.032100085131161214,0.04281176879432725,0.005533882273522924,0.026420630712725504,0.10538709702740252,1.4271778913018502e-06,5.395925998687744,4.384189605712891,-0.2248302400112152,0.0,"stated by Polaron, not image-verified",1bec114301c3,790c1ef
71vgq3fw,Batch_3,ETD,39,1401367,14275296,edge_glow_n10,0.015437783250212115,2253,2144,144,8.431134223937988,3.5972838401794434,0.021304835362733924,0.09230487088678412,0.5723218828472484,10.904267311096191,4.833850383758545,0.007560318597943337,0.07295733380335058,0.2946002010893649,15.625701904296875,7.30698299407959,0.0005328832398199948,0.032100085131161214,0.04281176879432725,0.005533882273522924,0.026420630712725504,0.10538709702740252,1.4271778913018502e-06,5.395925998687744,4.384189605712891,-0.2248302400112152,0.0,"stated by Polaron, not image-verified",1bec114301c3,790c1ef
9luzk4jm,Batch_3,ETD,52,1006852,14470848,none,0.0,1249,1249,0,1.9860005378723145,2.997736692428589,0.03124231670122777,0.02525991903477373,0.747818944591658,3.1476235389709473,3.8970577716827393,0.014096920375367321,0.020479673278694387,0.286954785807646,4.946265697479248,5.995473384857178,0.0020140415792073464,0.016025195361383797,0.022943789156698303,0.002802795246967777,0.016955818730061616,0.07999984108885913,0.0003972778521570201,0.8243775963783264,3.447397232055664,0.1873585432767868,0.0,"stated by Polaron, not image-verified",1bec114301c3,790c1ef
9luzk4jm,Batch_3,ETD,52,1006852,14470848,bright_both_p90,0.06593521192787023,1249,799,466,1.9860005378723145,2.997736692428589,0.03124231670122777,0.02525991903477373,0.747818944591658,3.1476235389709473,3.8970577716827393,0.014096920375367321,0.020479673278694387,0.286954785807646,4.946265697479248,5.995473384857178,0.0020140415792073464,0.016025195361383797,0.022943789156698303,0.002802795246967777,0.016955818730061616,0.07999984108885913,0.0003972778521570201,0.8243775963783264,3.447397232055664,0.1873585432767868,0.0,"stated by Polaron, not image-verified",1bec114301c3,790c1ef
9luzk4jm,Batch_3,ETD,52,1006852,14470848,bright_both_p95,0.0262640388061006,1249,975,295,1.9860005378723145,2.997736692428589,0.03124231670122777,0.02525991903477373,0.747818944591658,3.1476235389709473,3.8970577716827393,0.014096920375367321,0.020479673278694387,0.286954785807646,4.946265697479248,5.995473384857178,0.0020140415792073464,0.016025195361383797,0.022943789156698303,0.002802795246967777,0.016955818730061616,0.07999984108885913,0.0003972778521570201,0.8243775963783264,3.447397232055664,0.1873585432767868,0.0,"stated by Polaron, not image-verified",1bec114301c3,790c1ef
9luzk4jm,Batch_3,ETD,52,1006852,14470848,bright_both_p99,0.006125031285630857,1249,1182,69,1.9860005378723145,2.997736692428589,0.03124231670122777,0.02525991903477373,0.747818944591658,3.1476235389709473,3.8970577716827393,0.014096920375367321,0.020479673278694387,0.286954785807646,4.946265697479248,5.995473384857178,0.0020140415792073464,0.016025195361383797,0.022943789156698303,0.002802795246967777,0.016955818730061616,0.07999984108885913,0.0003972778521570201,0.8243775963783264,3.447397232055664,0.1873585432767868,0.0,"stated by Polaron, not image-verified",1bec114301c3,790c1ef
9luzk4jm,Batch_3,ETD,52,1006852,14470848,edge_glow_n3,0.0008362698787905273,1249,1244,5,1.9860005378723145,2.997736692428589,0.03124231670122777,0.02525991903477373,0.747818944591658,3.1476235389709473,3.8970577716827393,0.014096920375367321,0.020479673278694387,0.286954785807646,4.946265697479248,5.995473384857178,0.0020140415792073464,0.016025195361383797,0.022943789156698303,0.002802795246967777,0.016955818730061616,0.07999984108885913,0.0003972778521570201,0.8243775963783264,3.447397232055664,0.1873585432767868,0.0,"stated by Polaron, not image-verified",1bec114301c3,790c1ef
9luzk4jm,Batch_3,ETD,52,1006852,14470848,edge_glow_n5,0.004201213286560488,1249,1208,40,1.9860005378723145,2.997736692428589,0.03124231670122777,0.02525991903477373,0.747818944591658,3.1476235389709473,3.8970577716827393,0.014096920375367321,0.020479673278694387,0.286954785807646,4.946265697479248,5.995473384857178,0.0020140415792073464,0.016025195361383797,0.022943789156698303,0.002802795246967777,0.016955818730061616,0.07999984108885913,0.0003972778521570201,0.8243775963783264,3.447397232055664,0.1873585432767868,0.0,"stated by Polaron, not image-verified",1bec114301c3,790c1ef
9luzk4jm,Batch_3,ETD,52,1006852,14470848,edge_glow_n10,0.010575536424419874,1249,1147,108,1.9860005378723145,2.997736692428589,0.03124231670122777,0.02525991903477373,0.747818944591658,3.1476235389709473,3.8970577716827393,0.014096920375367321,0.020479673278694387,0.286954785807646,4.946265697479248,5.995473384857178,0.0020140415792073464,0.016025195361383797,0.022943789156698303,0.002802795246967777,0.016955818730061616,0.07999984108885913,0.0003972778521570201,0.8243775963783264,3.447397232055664,0.1873585432767868,0.0,"stated by Polaron, not image-verified",1bec114301c3,790c1ef
cfe5vt7s,Batch_3,ETD,52,1128376,14414976,none,0.0,1021,1021,0,1.7640527486801147,2.4956157207489014,0.022419435423646807,0.061453806178082486,0.6344480917708282,2.697962999343872,3.237555503845215,0.009377653354561028,0.051297617106354616,0.29997624905173453,3.8394088745117188,6.0704169273376465,0.001477425579063122,0.05633849000687714,0.012206923933157032,0.0031363658922203236,0.01580235666125476,0.07219402043290535,4.431147064453693e-05,1.1155039072036743,3.0352084636688232,0.0,0.0,"stated by Polaron, not image-verified",1bec114301c3,790c1ef
cfe5vt7s,Batch_3,ETD,52,1128376,14414976,bright_both_p90,0.1775046615667118,1021,828,316,1.7640527486801147,2.4956157207489014,0.022419435423646807,0.061453806178082486,0.6344480917708282,2.697962999343872,3.237555503845215,0.009377653354561028,0.051297617106354616,0.29997624905173453,3.8394088745117188,6.0704169273376465,0.001477425579063122,0.05633849000687714,0.012206923933157032,0.0031363658922203236,0.01580235666125476,0.07219402043290535,4.431147064453693e-05,1.1155039072036743,3.0352084636688232,0.0,0.0,"stated by Polaron, not image-verified",1bec114301c3,790c1ef
cfe5vt7s,Batch_3,ETD,52,1128376,14414976,bright_both_p95,0.10877757059703504,1021,894,212,1.7640527486801147,2.4956157207489014,0.022419435423646807,0.061453806178082486,0.6344480917708282,2.697962999343872,3.237555503845215,0.009377653354561028,0.051297617106354616,0.29997624905173453,3.8394088745117188,6.0704169273376465,0.001477425579063122,0.05633849000687714,0.012206923933157032,0.0031363658922203236,0.01580235666125476,0.07219402043290535,4.431147064453693e-05,1.1155039072036743,3.0352084636688232,0.0,0.0,"stated by Polaron, not image-verified",1bec114301c3,790c1ef
cfe5vt7s,Batch_3,ETD,52,1128376,14414976,bright_both_p99,0.06362152332201323,1021,1071,34,1.7640527486801147,2.4956157207489014,0.022419435423646807,0.061453806178082486,0.6344480917708282,2.697962999343872,3.237555503845215,0.009377653354561028,0.051297617106354616,0.29997624905173453,3.8394088745117188,6.0704169273376465,0.001477425579063122,0.05633849000687714,0.012206923933157032,0.0031363658922203236,0.01580235666125476,0.07219402043290535,4.431147064453693e-05,1.1155039072036743,3.0352084636688232,0.0,0.0,"stated by Polaron, not image-verified",1bec114301c3,790c1ef
cfe5vt7s,Batch_3,ETD,52,1128376,14414976,edge_glow_n3,0.0014667096783341723,1021,1015,6,1.7640527486801147,2.4956157207489014,0.022419435423646807,0.061453806178082486,0.6344480917708282,2.697962999343872,3.237555503845215,0.009377653354561028,0.051297617106354616,0.29997624905173453,3.8394088745117188,6.0704169273376465,0.001477425579063122,0.05633849000687714,0.012206923933157032,0.0031363658922203236,0.01580235666125476,0.07219402043290535,4.431147064453693e-05,1.1155039072036743,3.0352084636688232,0.0,0.0,"stated by Polaron, not image-verified",1bec114301c3,790c1ef
cfe5vt7s,Batch_3,ETD,52,1128376,14414976,edge_glow_n5,0.005822527242692152,1021,999,26,1.7640527486801147,2.4956157207489014,0.022419435423646807,0.061453806178082486,0.6344480917708282,2.697962999343872,3.237555503845215,0.009377653354561028,0.051297617106354616,0.29997624905173453,3.8394088745117188,6.0704169273376465,0.001477425579063122,0.05633849000687714,0.012206923933157032,0.0031363658922203236,0.01580235666125476,0.07219402043290535,4.431147064453693e-05,1.1155039072036743,3.0352084636688232,0.0,0.0,"stated by Polaron, not image-verified",1bec114301c3,790c1ef
cfe5vt7s,Batch_3,ETD,52,1128376,14414976,edge_glow_n10,0.016677065091777916,1021,964,67,1.7640527486801147,2.4956157207489014,0.022419435423646807,0.061453806178082486,0.6344480917708282,2.697962999343872,3.237555503845215,0.009377653354561028,0.051297617106354616,0.29997624905173453,3.8394088745117188,6.0704169273376465,0.001477425579063122,0.05633849000687714,0.012206923933157032,0.0031363658922203236,0.01580235666125476,0.07219402043290535,4.431147064453693e-05,1.1155039072036743,3.0352084636688232,0.0,0.0,"stated by Polaron, not image-verified",1bec114301c3,790c1ef
hawkfj64,Batch_3,ETD,39,1206531,13185792,none,0.0,1922,1922,0,4.863433361053467,3.3724539279937744,0.025876461002117775,0.1255516849546344,0.49364417491137813,6.105916500091553,5.106858730316162,0.009814590229285772,0.08909758638609369,0.29197426340475297,6.318913459777832,7.901177883148193,0.0034240487431330363,0.11701812883382193,0.024801683504195086,0.006316456021436664,0.034774075427817436,0.14033953541185432,8.453989163975065e-05,3.443452835083008,4.43236780166626,-0.21299709379673004,0.0,"stated by Polaron, not image-verified",1bec114301c3,790c1ef
hawkfj64,Batch_3,ETD,39,1206531,13185792,bright_both_p90,0.16205302640379735,1922,1946,357,4.863433361053467,3.3724539279937744,0.025876461002117775,0.1255516849546344,0.49364417491137813,6.105916500091553,5.106858730316162,0.009814590229285772,0.08909758638609369,0.29197426340475297,6.318913459777832,7.901177883148193,0.0034240487431330363,0.11701812883382193,0.024801683504195086,0.006316456021436664,0.034774075427817436,0.14033953541185432,8.453989163975065e-05,3.443452835083008,4.43236780166626,-0.21299709379673004,0.0,"stated by Polaron, not image-verified",1bec114301c3,790c1ef
hawkfj64,Batch_3,ETD,39,1206531,13185792,bright_both_p95,0.07433708707028663,1922,1946,161,4.863433361053467,3.3724539279937744,0.025876461002117775,0.1255516849546344,0.49364417491137813,6.105916500091553,5.106858730316162,0.009814590229285772,0.08909758638609369,0.29197426340475297,6.318913459777832,7.901177883148193,0.0034240487431330363,0.11701812883382193,0.024801683504195086,0.006316456021436664,0.034774075427817436,0.14033953541185432,8.453989163975065e-05,3.443452835083008,4.43236780166626,-0.21299709379673004,0.0,"stated by Polaron, not image-verified",1bec114301c3,790c1ef
hawkfj64,Batch_3,ETD,39,1206531,13185792,bright_both_p99,0.029265721311760744,1922,1937,53,4.863433361053467,3.3724539279937744,0.025876461002117775,0.1255516849546344,0.49364417491137813,6.105916500091553,5.106858730316162,0.009814590229285772,0.08909758638609369,0.29197426340475297,6.318913459777832,7.901177883148193,0.0034240487431330363,0.11701812883382193,0.024801683504195086,0.006316456021436664,0.034774075427817436,0.14033953541185432,8.453989163975065e-05,3.443452835083008,4.43236780166626,-0.21299709379673004,0.0,"stated by Polaron, not image-verified",1bec114301c3,790c1ef
hawkfj64,Batch_3,ETD,39,1206531,13185792,edge_glow_n3,0.0008619753657386341,1922,1920,2,4.863433361053467,3.3724539279937744,0.025876461002117775,0.1255516849546344,0.49364417491137813,6.105916500091553,5.106858730316162,0.009814590229285772,0.08909758638609369,0.29197426340475297,6.318913459777832,7.901177883148193,0.0034240487431330363,0.11701812883382193,0.024801683504195086,0.006316456021436664,0.034774075427817436,0.14033953541185432,8.453989163975065e-05,3.443452835083008,4.43236780166626,-0.21299709379673004,0.0,"stated by Polaron, not image-verified",1bec114301c3,790c1ef
hawkfj64,Batch_3,ETD,39,1206531,13185792,edge_glow_n5,0.005568029333684754,1922,1916,14,4.863433361053467,3.3724539279937744,0.025876461002117775,0.1255516849546344,0.49364417491137813,6.105916500091553,5.106858730316162,0.009814590229285772,0.08909758638609369,0.29197426340475297,6.318913459777832,7.901177883148193,0.0034240487431330363,0.11701812883382193,0.024801683504195086,0.006316456021436664,0.034774075427817436,0.14033953541185432,8.453989163975065e-05,3.443452835083008,4.43236780166626,-0.21299709379673004,0.0,"stated by Polaron, not image-verified",1bec114301c3,790c1ef
hawkfj64,Batch_3,ETD,39,1206531,13185792,edge_glow_n10,0.01970525415426541,1922,1901,63,4.863433361053467,3.3724539279937744,0.025876461002117775,0.1255516849546344,0.49364417491137813,6.105916500091553,5.106858730316162,0.009814590229285772,0.08909758638609369,0.29197426340475297,6.318913459777832,7.901177883148193,0.0034240487431330363,0.11701812883382193,0.024801683504195086,0.006316456021436664,0.034774075427817436,0.14033953541185432,8.453989163975065e-05,3.443452835083008,4.43236780166626,-0.21299709379673004,0.0,"stated by Polaron, not image-verified",1bec114301c3,790c1ef
hzumfsms,Batch_3,ETD,52,1455869,14470848,none,0.0,1095,1095,0,1.471616268157959,2.6230196952819824,0.03406943710601153,0.07041086801078943,0.43087736602675103,2.422034978866577,3.672227382659912,0.013230035844077531,0.048638304682632846,0.21558876519796769,4.16957950592041,5.395925998687744,0.001843887992014484,0.016636799052662018,0.021225810838749914,0.006850204242277293,0.024903339517497798,0.08996001700702468,0.12007467704855314,0.3985627293586731,2.6230196952819824,0.0,0.0,"stated by Polaron, not image-verified",1bec114301c3,790c1ef
hzumfsms,Batch_3,ETD,52,1455869,14470848,bright_both_p90,0.09839690246856002,1095,899,353,1.471616268157959,2.6230196952819824,0.03406943710601153,0.07041086801078943,0.43087736602675103,2.422034978866577,3.672227382659912,0.013230035844077531,0.048638304682632846,0.21558876519796769,4.16957950592041,5.395925998687744,0.001843887992014484,0.016636799052662018,0.021225810838749914,0.006850204242277293,0.024903339517497798,0.08996001700702468,0.12007467704855314,0.3985627293586731,2.6230196952819824,0.0,0.0,"stated by Polaron, not image-verified",1bec114301c3,790c1ef
hzumfsms,Batch_3,ETD,52,1455869,14470848,bright_both_p95,0.03373655184635431,1095,913,226,1.471616268157959,2.6230196952819824,0.03406943710601153,0.07041086801078943,0.43087736602675103,2.422034978866577,3.672227382659912,0.013230035844077531,0.048638304682632846,0.21558876519796769,4.16957950592041,5.395925998687744,0.001843887992014484,0.016636799052662018,0.021225810838749914,0.006850204242277293,0.024903339517497798,0.08996001700702468,0.12007467704855314,0.3985627293586731,2.6230196952819824,0.0,0.0,"stated by Polaron, not image-verified",1bec114301c3,790c1ef
hzumfsms,Batch_3,ETD,52,1455869,14470848,bright_both_p99,0.00713182298682093,1095,1056,49,1.471616268157959,2.6230196952819824,0.03406943710601153,0.07041086801078943,0.43087736602675103,2.422034978866577,3.672227382659912,0.013230035844077531,0.048638304682632846,0.21558876519796769,4.16957950592041,5.395925998687744,0.001843887992014484,0.016636799052662018,0.021225810838749914,0.006850204242277293,0.024903339517497798,0.08996001700702468,0.12007467704855314,0.3985627293586731,2.6230196952819824,0.0,0.0,"stated by Polaron, not image-verified",1bec114301c3,790c1ef
hzumfsms,Batch_3,ETD,52,1455869,14470848,edge_glow_n3,0.0009801706060091945,1095,1084,11,1.471616268157959,2.6230196952819824,0.03406943710601153,0.07041086801078943,0.43087736602675103,2.422034978866577,3.672227382659912,0.013230035844077531,0.048638304682632846,0.21558876519796769,4.16957950592041,5.395925998687744,0.001843887992014484,0.016636799052662018,0.021225810838749914,0.006850204242277293,0.024903339517497798,0.08996001700702468,0.12007467704855314,0.3985627293586731,2.6230196952819824,0.0,0.0,"stated by Polaron, not image-verified",1bec114301c3,790c1ef
hzumfsms,Batch_3,ETD,52,1455869,14470848,edge_glow_n5,0.0038650455501147425,1095,1070,31,1.471616268157959,2.6230196952819824,0.03406943710601153,0.07041086801078943,0.43087736602675103,2.422034978866577,3.672227382659912,0.013230035844077531,0.048638304682632846,0.21558876519796769,4.16957950592041,5.395925998687744,0.001843887992014484,0.016636799052662018,0.021225810838749914,0.006850204242277293,0.024903339517497798,0.08996001700702468,0.12007467704855314,0.3985627293586731,2.6230196952819824,0.0,0.0,"stated by Polaron, not image-verified",1bec114301c3,790c1ef
hzumfsms,Batch_3,ETD,52,1455869,14470848,edge_glow_n10,0.010433631047848398,1095,1027,83,1.471616268157959,2.6230196952819824,0.03406943710601153,0.07041086801078943,0.43087736602675103,2.422034978866577,3.672227382659912,0.013230035844077531,0.048638304682632846,0.21558876519796769,4.16957950592041,5.395925998687744,0.001843887992014484,0.016636799052662018,0.021225810838749914,0.006850204242277293,0.024903339517497798,0.08996001700702468,0.12007467704855314,0.3985627293586731,2.6230196952819824,0.0,0.0,"stated by Polaron, not image-verified",1bec114301c3,790c1ef
kbdh4tri,Batch_3,ETD,39,1544674,14275296,none,0.0,2752,2752,0,9.10562515258789,3.7096991539001465,0.016791161844659713,0.11405383919195895,0.5019868269939158,11.578757286071777,4.833850383758545,0.005755738920344002,0.08364612856822863,0.2611955661841916,16.18777847290039,8.093889236450195,0.00024394550833483389,0.036423866783541384,0.05709942680462026,0.006807261596945375,0.030040642879986326,0.11301413761091338,0.0,6.857322692871094,4.271774768829346,-0.2248302400112152,-0.1124151200056076,"stated by Polaron, not image-verified",1bec114301c3,790c1ef
kbdh4tri,Batch_3,ETD,39,1544674,14275296,bright_both_p90,0.16430457170898197,2752,2410,730,9.10562515258789,3.7096991539001465,0.016791161844659713,0.11405383919195895,0.5019868269939158,11.578757286071777,4.833850383758545,0.005755738920344002,0.08364612856822863,0.2611955661841916,16.18777847290039,8.093889236450195,0.00024394550833483389,0.036423866783541384,0.05709942680462026,0.006807261596945375,0.030040642879986326,0.11301413761091338,0.0,6.857322692871094,4.271774768829346,-0.2248302400112152,-0.1124151200056076,"stated by Polaron, not image-verified",1bec114301c3,790c1ef
kbdh4tri,Batch_3,ETD,39,1544674,14275296,bright_both_p95,0.07894804987978046,2752,2607,360,9.10562515258789,3.7096991539001465,0.016791161844659713,0.11405383919195895,0.5019868269939158,11.578757286071777,4.833850383758545,0.005755738920344002,0.08364612856822863,0.2611955661841916,16.18777847290039,8.093889236450195,0.00024394550833483389,0.036423866783541384,0.05709942680462026,0.006807261596945375,0.030040642879986326,0.11301413761091338,0.0,6.857322692871094,4.271774768829346,-0.2248302400112152,-0.1124151200056076,"stated by Polaron, not image-verified",1bec114301c3,790c1ef
kbdh4tri,Batch_3,ETD,39,1544674,14275296,bright_both_p99,0.010013763421925921,2752,2763,26,9.10562515258789,3.7096991539001465,0.016791161844659713,0.11405383919195895,0.5019868269939158,11.578757286071777,4.833850383758545,0.005755738920344002,0.08364612856822863,0.2611955661841916,16.18777847290039,8.093889236450195,0.00024394550833483389,0.036423866783541384,0.05709942680462026,0.006807261596945375,0.030040642879986326,0.11301413761091338,0.0,6.857322692871094,4.271774768829346,-0.2248302400112152,-0.1124151200056076,"stated by Polaron, not image-verified",1bec114301c3,790c1ef
kbdh4tri,Batch_3,ETD,39,1544674,14275296,edge_glow_n3,0.0017582998095391,2752,2736,16,9.10562515258789,3.7096991539001465,0.016791161844659713,0.11405383919195895,0.5019868269939158,11.578757286071777,4.833850383758545,0.005755738920344002,0.08364612856822863,0.2611955661841916,16.18777847290039,8.093889236450195,0.00024394550833483389,0.036423866783541384,0.05709942680462026,0.006807261596945375,0.030040642879986326,0.11301413761091338,0.0,6.857322692871094,4.271774768829346,-0.2248302400112152,-0.1124151200056076,"stated by Polaron, not image-verified",1bec114301c3,790c1ef
kbdh4tri,Batch_3,ETD,39,1544674,14275296,edge_glow_n5,0.007311575128473711,2752,2696,71,9.10562515258789,3.7096991539001465,0.016791161844659713,0.11405383919195895,0.5019868269939158,11.578757286071777,4.833850383758545,0.005755738920344002,0.08364612856822863,0.2611955661841916,16.18777847290039,8.093889236450195,0.00024394550833483389,0.036423866783541384,0.05709942680462026,0.006807261596945375,0.030040642879986326,0.11301413761091338,0.0,6.857322692871094,4.271774768829346,-0.2248302400112152,-0.1124151200056076,"stated by Polaron, not image-verified",1bec114301c3,790c1ef
kbdh4tri,Batch_3,ETD,39,1544674,14275296,edge_glow_n10,0.021051043780111533,2752,2640,163,9.10562515258789,3.7096991539001465,0.016791161844659713,0.11405383919195895,0.5019868269939158,11.578757286071777,4.833850383758545,0.005755738920344002,0.08364612856822863,0.2611955661841916,16.18777847290039,8.093889236450195,0.00024394550833483389,0.036423866783541384,0.05709942680462026,0.006807261596945375,0.030040642879986326,0.11301413761091338,0.0,6.857322692871094,4.271774768829346,-0.2248302400112152,-0.1124151200056076,"stated by Polaron, not image-verified",1bec114301c3,790c1ef
mgxahqnk,Batch_3,ETD,39,1445014,13185792,none,0.0,1916,1916,0,2.8840293884277344,3.6253879070281982,0.021382019197214372,0.10497130131611182,0.5652277417381423,3.674811840057373,4.552812576293945,0.009505132934765518,0.0641038771942694,0.3013223401295766,3.8608782291412354,6.744907855987549,0.0033022775121085107,0.07336191898486796,0.025892482702589734,0.00417919826382305,0.0254426600711135,0.10852351603513875,0.0002470564299031013,1.7908892631530762,4.215567111968994,-0.27909961342811584,0.0,"stated by Polaron, not image-verified",1bec114301c3,790c1ef
mgxahqnk,Batch_3,ETD,39,1445014,13185792,bright_both_p90,0.08854654695387035,1916,1853,299,2.8840293884277344,3.6253879070281982,0.021382019197214372,0.10497130131611182,0.5652277417381423,3.674811840057373,4.552812576293945,0.009505132934765518,0.0641038771942694,0.3013223401295766,3.8608782291412354,6.744907855987549,0.0033022775121085107,0.07336191898486796,0.025892482702589734,0.00417919826382305,0.0254426600711135,0.10852351603513875,0.0002470564299031013,1.7908892631530762,4.215567111968994,-0.27909961342811584,0.0,"stated by Polaron, not image-verified",1bec114301c3,790c1ef
mgxahqnk,Batch_3,ETD,39,1445014,13185792,bright_both_p95,0.038736648918280374,1916,1794,195,2.8840293884277344,3.6253879070281982,0.021382019197214372,0.10497130131611182,0.5652277417381423,3.674811840057373,4.552812576293945,0.009505132934765518,0.0641038771942694,0.3013223401295766,3.8608782291412354,6.744907855987549,0.0033022775121085107,0.07336191898486796,0.025892482702589734,0.00417919826382305,0.0254426600711135,0.10852351603513875,0.0002470564299031013,1.7908892631530762,4.215567111968994,-0.27909961342811584,0.0,"stated by Polaron, not image-verified",1bec114301c3,790c1ef
mgxahqnk,Batch_3,ETD,39,1445014,13185792,bright_both_p99,0.015204004943896737,1916,1839,87,2.8840293884277344,3.6253879070281982,0.021382019197214372,0.10497130131611182,0.5652277417381423,3.674811840057373,4.552812576293945,0.009505132934765518,0.0641038771942694,0.3013223401295766,3.8608782291412354,6.744907855987549,0.0033022775121085107,0.07336191898486796,0.025892482702589734,0.00417919826382305,0.0254426600711135,0.10852351603513875,0.0002470564299031013,1.7908892631530762,4.215567111968994,-0.27909961342811584,0.0,"stated by Polaron, not image-verified",1bec114301c3,790c1ef
mgxahqnk,Batch_3,ETD,39,1445014,13185792,edge_glow_n3,0.00045466687519982505,1916,1915,1,2.8840293884277344,3.6253879070281982,0.021382019197214372,0.10497130131611182,0.5652277417381423,3.674811840057373,4.552812576293945,0.009505132934765518,0.0641038771942694,0.3013223401295766,3.8608782291412354,6.744907855987549,0.0033022775121085107,0.07336191898486796,0.025892482702589734,0.00417919826382305,0.0254426600711135,0.10852351603513875,0.0002470564299031013,1.7908892631530762,4.215567111968994,-0.27909961342811584,0.0,"stated by Polaron, not image-verified",1bec114301c3,790c1ef
mgxahqnk,Batch_3,ETD,39,1445014,13185792,edge_glow_n5,0.0028823250155361815,1916,1904,13,2.8840293884277344,3.6253879070281982,0.021382019197214372,0.10497130131611182,0.5652277417381423,3.674811840057373,4.552812576293945,0.009505132934765518,0.0641038771942694,0.3013223401295766,3.8608782291412354,6.744907855987549,0.0033022775121085107,0.07336191898486796,0.025892482702589734,0.00417919826382305,0.0254426600711135,0.10852351603513875,0.0002470564299031013,1.7908892631530762,4.215567111968994,-0.27909961342811584,0.0,"stated by Polaron, not image-verified",1bec114301c3,790c1ef
mgxahqnk,Batch_3,ETD,39,1445014,13185792,edge_glow_n10,0.010019972124837545,1916,1873,59,2.8840293884277344,3.6253879070281982,0.021382019197214372,0.10497130131611182,0.5652277417381423,3.674811840057373,4.552812576293945,0.009505132934765518,0.0641038771942694,0.3013223401295766,3.8608782291412354,6.744907855987549,0.0033022775121085107,0.07336191898486796,0.025892482702589734,0.00417919826382305,0.0254426600711135,0.10852351603513875,0.0002470564299031013,1.7908892631530762,4.215567111968994,-0.27909961342811584,0.0,"stated by Polaron, not image-verified",1bec114301c3,790c1ef
pl8uabbv,Batch_3,ETD,52,1057985,15755904,none,0.0,1191,1191,0,2.1920950412750244,3.9345293045043945,0.021648111821070917,0.06563514605594598,0.5285528622806561,3.305004596710205,5.958001613616943,0.006404274690029858,0.10686635443791737,0.380031853003587,4.114393711090088,8.318718910217285,0.0017742854317939905,0.08742657031999508,0.03758087307476004,0.002742004848840012,0.015159005089864223,0.07122312698195155,4.442407028455035e-05,1.8548495769500732,5.733171463012695,0.06744907796382904,0.1124151200056076,"stated by Polaron, not image-verified",1bec114301c3,790c1ef
pl8uabbv,Batch_3,ETD,52,1057985,15755904,bright_both_p90,0.351718597144572,1191,1231,446,2.1920950412750244,3.9345293045043945,0.021648111821070917,0.06563514605594598,0.5285528622806561,3.305004596710205,5.958001613616943,0.006404274690029858,0.10686635443791737,0.380031853003587,4.114393711090088,8.318718910217285,0.0017742854317939905,0.08742657031999508,0.03758087307476004,0.002742004848840012,0.015159005089864223,0.07122312698195155,4.442407028455035e-05,1.8548495769500732,5.733171463012695,0.06744907796382904,0.1124151200056076,"stated by Polaron, not image-verified",1bec114301c3,790c1ef
pl8uabbv,Batch_3,ETD,52,1057985,15755904,bright_both_p95,0.09054570716976139,1191,1108,203,2.1920950412750244,3.9345293045043945,0.021648111821070917,0.06563514605594598,0.5285528622806561,3.305004596710205,5.958001613616943,0.006404274690029858,0.10686635443791737,0.380031853003587,4.114393711090088,8.318718910217285,0.0017742854317939905,0.08742657031999508,0.03758087307476004,0.002742004848840012,0.015159005089864223,0.07122312698195155,4.442407028455035e-05,1.8548495769500732,5.733171463012695,0.06744907796382904,0.1124151200056076,"stated by Polaron, not image-verified",1bec114301c3,790c1ef
pl8uabbv,Batch_3,ETD,52,1057985,15755904,bright_both_p99,0.021483291351011593,1191,1128,92,2.1920950412750244,3.9345293045043945,0.021648111821070917,0.06563514605594598,0.5285528622806561,3.305004596710205,5.958001613616943,0.006404274690029858,0.10686635443791737,0.380031853003587,4.114393711090088,8.318718910217285,0.0017742854317939905,0.08742657031999508,0.03758087307476004,0.002742004848840012,0.015159005089864223,0.07122312698195155,4.442407028455035e-05,1.8548495769500732,5.733171463012695,0.06744907796382904,0.1124151200056076,"stated by Polaron, not image-verified",1bec114301c3,790c1ef
pl8uabbv,Batch_3,ETD,52,1057985,15755904,edge_glow_n3,0.0010151372656512143,1191,1183,8,2.1920950412750244,3.9345293045043945,0.021648111821070917,0.06563514605594598,0.5285528622806561,3.305004596710205,5.958001613616943,0.006404274690029858,0.10686635443791737,0.380031853003587,4.114393711090088,8.318718910217285,0.0017742854317939905,0.08742657031999508,0.03758087307476004,0.002742004848840012,0.015159005089864223,0.07122312698195155,4.442407028455035e-05,1.8548495769500732,5.733171463012695,0.06744907796382904,0.1124151200056076,"stated by Polaron, not image-verified",1bec114301c3,790c1ef
pl8uabbv,Batch_3,ETD,52,1057985,15755904,edge_glow_n5,0.00451707727425247,1191,1157,39,2.1920950412750244,3.9345293045043945,0.021648111821070917,0.06563514605594598,0.5285528622806561,3.305004596710205,5.958001613616943,0.006404274690029858,0.10686635443791737,0.380031853003587,4.114393711090088,8.318718910217285,0.0017742854317939905,0.08742657031999508,0.03758087307476004,0.002742004848840012,0.015159005089864223,0.07122312698195155,4.442407028455035e-05,1.8548495769500732,5.733171463012695,0.06744907796382904,0.1124151200056076,"stated by Polaron, not image-verified",1bec114301c3,790c1ef
pl8uabbv,Batch_3,ETD,52,1057985,15755904,edge_glow_n10,0.013739325226728168,1191,1117,87,2.1920950412750244,3.9345293045043945,0.021648111821070917,0.06563514605594598,0.5285528622806561,3.305004596710205,5.958001613616943,0.006404274690029858,0.10686635443791737,0.380031853003587,4.114393711090088,8.318718910217285,0.0017742854317939905,0.08742657031999508,0.03758087307476004,0.002742004848840012,0.015159005089864223,0.07122312698195155,4.442407028455035e-05,1.8548495769500732,5.733171463012695,0.06744907796382904,0.1124151200056076,"stated by Polaron, not image-verified",1bec114301c3,790c1ef
ptg8lmto,Batch_3,ETD,39,875592,11146464,none,0.0,1494,1494,0,14.434102058410645,4.991231441497803,0.027075792897129164,0.08469127173386691,0.6124142294584692,18.885740280151367,7.419398307800293,0.009095972102765634,0.08111540534860985,0.3841789326535647,26.305139541625977,10.926750183105469,0.001303227839866577,0.04309313013366956,0.03841401017825654,0.010003517620078757,0.03600192783853667,0.11728750376887866,2.2841688823104825e-06,10.252259254455566,7.2845001220703125,-0.13489815592765808,0.0,"stated by Polaron, not image-verified",1bec114301c3,790c1ef
ptg8lmto,Batch_3,ETD,39,875592,11146464,bright_both_p90,0.18079881954152163,1494,1214,498,14.434102058410645,4.991231441497803,0.027075792897129164,0.08469127173386691,0.6124142294584692,18.885740280151367,7.419398307800293,0.009095972102765634,0.08111540534860985,0.3841789326535647,26.305139541625977,10.926750183105469,0.001303227839866577,0.04309313013366956,0.03841401017825654,0.010003517620078757,0.03600192783853667,0.11728750376887866,2.2841688823104825e-06,10.252259254455566,7.2845001220703125,-0.13489815592765808,0.0,"stated by Polaron, not image-verified",1bec114301c3,790c1ef
ptg8lmto,Batch_3,ETD,39,875592,11146464,bright_both_p95,0.07003832835384517,1494,1375,254,14.434102058410645,4.991231441497803,0.027075792897129164,0.08469127173386691,0.6124142294584692,18.885740280151367,7.419398307800293,0.009095972102765634,0.08111540534860985,0.3841789326535647,26.305139541625977,10.926750183105469,0.001303227839866577,0.04309313013366956,0.03841401017825654,0.010003517620078757,0.03600192783853667,0.11728750376887866,2.2841688823104825e-06,10.252259254455566,7.2845001220703125,-0.13489815592765808,0.0,"stated by Polaron, not image-verified",1bec114301c3,790c1ef
ptg8lmto,Batch_3,ETD,39,875592,11146464,bright_both_p99,0.017470465696351724,1494,1443,80,14.434102058410645,4.991231441497803,0.027075792897129164,0.08469127173386691,0.6124142294584692,18.885740280151367,7.419398307800293,0.009095972102765634,0.08111540534860985,0.3841789326535647,26.305139541625977,10.926750183105469,0.001303227839866577,0.04309313013366956,0.03841401017825654,0.010003517620078757,0.03600192783853667,0.11728750376887866,2.2841688823104825e-06,10.252259254455566,7.2845001220703125,-0.13489815592765808,0.0,"stated by Polaron, not image-verified",1bec114301c3,790c1ef
ptg8lmto,Batch_3,ETD,39,875592,11146464,edge_glow_n3,0.0022179279847234787,1494,1481,14,14.434102058410645,4.991231441497803,0.027075792897129164,0.08469127173386691,0.6124142294584692,18.885740280151367,7.419398307800293,0.009095972102765634,0.08111540534860985,0.3841789326535647,26.305139541625977,10.926750183105469,0.001303227839866577,0.04309313013366956,0.03841401017825654,0.010003517620078757,0.03600192783853667,0.11728750376887866,2.2841688823104825e-06,10.252259254455566,7.2845001220703125,-0.13489815592765808,0.0,"stated by Polaron, not image-verified",1bec114301c3,790c1ef
ptg8lmto,Batch_3,ETD,39,875592,11146464,edge_glow_n5,0.007747900848797157,1494,1459,42,14.434102058410645,4.991231441497803,0.027075792897129164,0.08469127173386691,0.6124142294584692,18.885740280151367,7.419398307800293,0.009095972102765634,0.08111540534860985,0.3841789326535647,26.305139541625977,10.926750183105469,0.001303227839866577,0.04309313013366956,0.03841401017825654,0.010003517620078757,0.03600192783853667,0.11728750376887866,2.2841688823104825e-06,10.252259254455566,7.2845001220703125,-0.13489815592765808,0.0,"stated by Polaron, not image-verified",1bec114301c3,790c1ef
ptg8lmto,Batch_3,ETD,39,875592,11146464,edge_glow_n10,0.018867234967884585,1494,1425,91,14.434102058410645,4.991231441497803,0.027075792897129164,0.08469127173386691,0.6124142294584692,18.885740280151367,7.419398307800293,0.009095972102765634,0.08111540534860985,0.3841789326535647,26.305139541625977,10.926750183105469,0.001303227839866577,0.04309313013366956,0.03841401017825654,0.010003517620078757,0.03600192783853667,0.11728750376887866,2.2841688823104825e-06,10.252259254455566,7.2845001220703125,-0.13489815592765808,0.0,"stated by Polaron, not image-verified",1bec114301c3,790c1ef
tuy3zymq,Batch_3,ETD,39,1773935,14275296,none,0.0,2903,2903,0,8.382956504821777,3.7096991539001465,0.010909436555764538,0.15909151124477502,0.4265099905013431,10.599141120910645,5.058680534362793,0.003106966898900803,0.1119437859899038,0.24958242551164503,14.646085739135742,8.318718910217285,8.056689045961041e-05,0.042589497360388064,0.06066795006581414,0.010821704290179741,0.04331049333825648,0.14734474487509408,2.254874051191278e-05,6.648551940917969,4.271774768829346,-0.28906747698783875,0.0,"stated by Polaron, not image-verified",1bec114301c3,790c1ef
tuy3zymq,Batch_3,ETD,39,1773935,14275296,bright_both_p90,0.1640116464244744,2903,3046,460,8.382956504821777,3.7096991539001465,0.010909436555764538,0.15909151124477502,0.4265099905013431,10.599141120910645,5.058680534362793,0.003106966898900803,0.1119437859899038,0.24958242551164503,14.646085739135742,8.318718910217285,8.056689045961041e-05,0.042589497360388064,0.06066795006581414,0.010821704290179741,0.04331049333825648,0.14734474487509408,2.254874051191278e-05,6.648551940917969,4.271774768829346,-0.28906747698783875,0.0,"stated by Polaron, not image-verified",1bec114301c3,790c1ef
tuy3zymq,Batch_3,ETD,39,1773935,14275296,bright_both_p95,0.07217682722309442,2903,2987,164,8.382956504821777,3.7096991539001465,0.010909436555764538,0.15909151124477502,0.4265099905013431,10.599141120910645,5.058680534362793,0.003106966898900803,0.1119437859899038,0.24958242551164503,14.646085739135742,8.318718910217285,8.056689045961041e-05,0.042589497360388064,0.06066795006581414,0.010821704290179741,0.04331049333825648,0.14734474487509408,2.254874051191278e-05,6.648551940917969,4.271774768829346,-0.28906747698783875,0.0,"stated by Polaron, not image-verified",1bec114301c3,790c1ef
tuy3zymq,Batch_3,ETD,39,1773935,14275296,bright_both_p99,0.008044826896137683,2903,2922,8,8.382956504821777,3.7096991539001465,0.010909436555764538,0.15909151124477502,0.4265099905013431,10.599141120910645,5.058680534362793,0.003106966898900803,0.1119437859899038,0.24958242551164503,14.646085739135742,8.318718910217285,8.056689045961041e-05,0.042589497360388064,0.06066795006581414,0.010821704290179741,0.04331049333825648,0.14734474487509408,2.254874051191278e-05,6.648551940917969,4.271774768829346,-0.28906747698783875,0.0,"stated by Polaron, not image-verified",1bec114301c3,790c1ef
tuy3zymq,Batch_3,ETD,39,1773935,14275296,edge_glow_n3,0.002008529061098631,2903,2895,9,8.382956504821777,3.7096991539001465,0.010909436555764538,0.15909151124477502,0.4265099905013431,10.599141120910645,5.058680534362793,0.003106966898900803,0.1119437859899038,0.24958242551164503,14.646085739135742,8.318718910217285,8.056689045961041e-05,0.042589497360388064,0.06066795006581414,0.010821704290179741,0.04331049333825648,0.14734474487509408,2.254874051191278e-05,6.648551940917969,4.271774768829346,-0.28906747698783875,0.0,"stated by Polaron, not image-verified",1bec114301c3,790c1ef
tuy3zymq,Batch_3,ETD,39,1773935,14275296,edge_glow_n5,0.007918553949270971,2903,2883,30,8.382956504821777,3.7096991539001465,0.010909436555764538,0.15909151124477502,0.4265099905013431,10.599141120910645,5.058680534362793,0.003106966898900803,0.1119437859899038,0.24958242551164503,14.646085739135742,8.318718910217285,8.056689045961041e-05,0.042589497360388064,0.06066795006581414,0.010821704290179741,0.04331049333825648,0.14734474487509408,2.254874051191278e-05,6.648551940917969,4.271774768829346,-0.28906747698783875,0.0,"stated by Polaron, not image-verified",1bec114301c3,790c1ef
tuy3zymq,Batch_3,ETD,39,1773935,14275296,edge_glow_n10,0.02259327427442381,2903,2895,73,8.382956504821777,3.7096991539001465,0.010909436555764538,0.15909151124477502,0.4265099905013431,10.599141120910645,5.058680534362793,0.003106966898900803,0.1119437859899038,0.24958242551164503,14.646085739135742,8.318718910217285,8.056689045961041e-05,0.042589497360388064,0.06066795006581414,0.010821704290179741,0.04331049333825648,0.14734474487509408,2.254874051191278e-05,6.648551940917969,4.271774768829346,-0.28906747698783875,0.0,"stated by Polaron, not image-verified",1bec114301c3,790c1ef
ufdvpb81,Batch_3,ETD,52,1863538,14470848,none,0.0,1116,1116,0,1.4613966941833496,3.5972838401794434,0.030783120960943957,0.02018740696460174,0.31604990078012896,2.2857742309570312,5.171095848083496,0.012477168241034592,0.013540373204088138,0.2253074528128753,4.271774768829346,7.756643295288086,0.0020832990174401967,0.003530918070895254,0.020210481353210935,0.0055947343171966445,0.01896768405044598,0.07258827026870394,0.12137450376649148,-0.1873585432767868,2.585547924041748,0.1498868316411972,0.0,"stated by Polaron, not image-verified",1bec114301c3,790c1ef
ufdvpb81,Batch_3,ETD,52,1863538,14470848,bright_both_p90,0.12157036776282533,1116,1180,232,1.4613966941833496,3.5972838401794434,0.030783120960943957,0.02018740696460174,0.31604990078012896,2.2857742309570312,5.171095848083496,0.012477168241034592,0.013540373204088138,0.2253074528128753,4.271774768829346,7.756643295288086,0.0020832990174401967,0.003530918070895254,0.020210481353210935,0.0055947343171966445,0.01896768405044598,0.07258827026870394,0.12137450376649148,-0.1873585432767868,2.585547924041748,0.1498868316411972,0.0,"stated by Polaron, not image-verified",1bec114301c3,790c1ef
ufdvpb81,Batch_3,ETD,52,1863538,14470848,bright_both_p95,0.017510241272246662,1116,964,156,1.4613966941833496,3.5972838401794434,0.030783120960943957,0.02018740696460174,0.31604990078012896,2.2857742309570312,5.171095848083496,0.012477168241034592,0.013540373204088138,0.2253074528128753,4.271774768829346,7.756643295288086,0.0020832990174401967,0.003530918070895254,0.020210481353210935,0.0055947343171966445,0.01896768405044598,0.07258827026870394,0.12137450376649148,-0.1873585432767868,2.585547924041748,0.1498868316411972,0.0,"stated by Polaron, not image-verified",1bec114301c3,790c1ef
ufdvpb81,Batch_3,ETD,52,1863538,14470848,bright_both_p99,0.0026524814626801277,1116,1066,49,1.4613966941833496,3.5972838401794434,0.030783120960943957,0.02018740696460174,0.31604990078012896,2.2857742309570312,5.171095848083496,0.012477168241034592,0.013540373204088138,0.2253074528128753,4.271774768829346,7.756643295288086,0.0020832990174401967,0.003530918070895254,0.020210481353210935,0.0055947343171966445,0.01896768405044598,0.07258827026870394,0.12137450376649148,-0.1873585432767868,2.585547924041748,0.1498868316411972,0.0,"stated by Polaron, not image-verified",1bec114301c3,790c1ef
ufdvpb81,Batch_3,ETD,52,1863538,14470848,edge_glow_n3,0.0001760092898561768,1116,1116,1,1.4613966941833496,3.5972838401794434,0.030783120960943957,0.02018740696460174,0.31604990078012896,2.2857742309570312,5.171095848083496,0.012477168241034592,0.013540373204088138,0.2253074528128753,4.271774768829346,7.756643295288086,0.0020832990174401967,0.003530918070895254,0.020210481353210935,0.0055947343171966445,0.01896768405044598,0.07258827026870394,0.12137450376649148,-0.1873585432767868,2.585547924041748,0.1498868316411972,0.0,"stated by Polaron, not image-verified",1bec114301c3,790c1ef
ufdvpb81,Batch_3,ETD,52,1863538,14470848,edge_glow_n5,0.0009406837960910913,1116,1100,16,1.4613966941833496,3.5972838401794434,0.030783120960943957,0.02018740696460174,0.31604990078012896,2.2857742309570312,5.171095848083496,0.012477168241034592,0.013540373204088138,0.2253074528128753,4.271774768829346,7.756643295288086,0.0020832990174401967,0.003530918070895254,0.020210481353210935,0.0055947343171966445,0.01896768405044598,0.07258827026870394,0.12137450376649148,-0.1873585432767868,2.585547924041748,0.1498868316411972,0.0,"stated by Polaron, not image-verified",1bec114301c3,790c1ef
ufdvpb81,Batch_3,ETD,52,1863538,14470848,edge_glow_n10,0.0031810459459372443,1116,1065,52,1.4613966941833496,3.5972838401794434,0.030783120960943957,0.02018740696460174,0.31604990078012896,2.2857742309570312,5.171095848083496,0.012477168241034592,0.013540373204088138,0.2253074528128753,4.271774768829346,7.756643295288086,0.0020832990174401967,0.003530918070895254,0.020210481353210935,0.0055947343171966445,0.01896768405044598,0.07258827026870394,0.12137450376649148,-0.1873585432767868,2.585547924041748,0.1498868316411972,0.0,"stated by Polaron, not image-verified",1bec114301c3,790c1ef
utfgcjfa,Batch_3,SE,52,1498764,14322960,none,0.0,1880,1880,0,2.0057225227355957,3.3724539279937744,0.01852636285394089,0.08359488218291873,0.3679792148730554,2.3962173461914062,4.721435546875,0.006529638507479488,0.08278488140894764,0.23973554208667944,2.839961051940918,6.6605963706970215,0.0013776277655062619,0.05095065000226853,0.02840473883813596,0.011127836003533578,0.04046200736073191,0.12886218243832917,0.0014084939323335763,1.6862269639968872,4.131256103515625,-0.15974780917167664,0.0,"stated by Polaron, not image-verified",1bec114301c3,790c1ef
utfgcjfa,Batch_3,SE,52,1498764,14322960,bright_both_p90,0.2641062902498325,1880,2270,156,2.0057225227355957,3.3724539279937744,0.01852636285394089,0.08359488218291873,0.3679792148730554,2.3962173461914062,4.721435546875,0.006529638507479488,0.08278488140894764,0.23973554208667944,2.839961051940918,6.6605963706970215,0.0013776277655062619,0.05095065000226853,0.02840473883813596,0.011127836003533578,0.04046200736073191,0.12886218243832917,0.0014084939323335763,1.6862269639968872,4.131256103515625,-0.15974780917167664,0.0,"stated by Polaron, not image-verified",1bec114301c3,790c1ef
utfgcjfa,Batch_3,SE,52,1498764,14322960,bright_both_p95,0.08369696630023139,1880,1976,63,2.0057225227355957,3.3724539279937744,0.01852636285394089,0.08359488218291873,0.3679792148730554,2.3962173461914062,4.721435546875,0.006529638507479488,0.08278488140894764,0.23973554208667944,2.839961051940918,6.6605963706970215,0.0013776277655062619,0.05095065000226853,0.02840473883813596,0.011127836003533578,0.04046200736073191,0.12886218243832917,0.0014084939323335763,1.6862269639968872,4.131256103515625,-0.15974780917167664,0.0,"stated by Polaron, not image-verified",1bec114301c3,790c1ef
utfgcjfa,Batch_3,SE,52,1498764,14322960,bright_both_p99,0.009016763146165774,1880,1891,16,2.0057225227355957,3.3724539279937744,0.01852636285394089,0.08359488218291873,0.3679792148730554,2.3962173461914062,4.721435546875,0.006529638507479488,0.08278488140894764,0.23973554208667944,2.839961051940918,6.6605963706970215,0.0013776277655062619,0.05095065000226853,0.02840473883813596,0.011127836003533578,0.04046200736073191,0.12886218243832917,0.0014084939323335763,1.6862269639968872,4.131256103515625,-0.15974780917167664,0.0,"stated by Polaron, not image-verified",1bec114301c3,790c1ef
utfgcjfa,Batch_3,SE,52,1498764,14322960,edge_glow_n3,0.0010135017921433927,1880,1880,0,2.0057225227355957,3.3724539279937744,0.01852636285394089,0.08359488218291873,0.3679792148730554,2.3962173461914062,4.721435546875,0.006529638507479488,0.08278488140894764,0.23973554208667944,2.839961051940918,6.6605963706970215,0.0013776277655062619,0.05095065000226853,0.02840473883813596,0.011127836003533578,0.04046200736073191,0.12886218243832917,0.0014084939323335763,1.6862269639968872,4.131256103515625,-0.15974780917167664,0.0,"stated by Polaron, not image-verified",1bec114301c3,790c1ef
utfgcjfa,Batch_3,SE,52,1498764,14322960,edge_glow_n5,0.003542252149104195,1880,1872,9,2.0057225227355957,3.3724539279937744,0.01852636285394089,0.08359488218291873,0.3679792148730554,2.3962173461914062,4.721435546875,0.006529638507479488,0.08278488140894764,0.23973554208667944,2.839961051940918,6.6605963706970215,0.0013776277655062619,0.05095065000226853,0.02840473883813596,0.011127836003533578,0.04046200736073191,0.12886218243832917,0.0014084939323335763,1.6862269639968872,4.131256103515625,-0.15974780917167664,0.0,"stated by Polaron, not image-verified",1bec114301c3,790c1ef
utfgcjfa,Batch_3,SE,52,1498764,14322960,edge_glow_n10,0.009710001040857667,1880,1870,22,2.0057225227355957,3.3724539279937744,0.01852636285394089,0.08359488218291873,0.3679792148730554,2.3962173461914062,4.721435546875,0.006529638507479488,0.08278488140894764,0.23973554208667944,2.839961051940918,6.6605963706970215,0.0013776277655062619,0.05095065000226853,0.02840473883813596,0.011127836003533578,0.04046200736073191,0.12886218243832917,0.0014084939323335763,1.6862269639968872,4.131256103515625,-0.15974780917167664,0.0,"stated by Polaron, not image-verified",1bec114301c3,790c1ef
vc2whyaq,Batch_3,SE,52,990207,14331168,none,0.0,1027,1027,0,1.4089361429214478,3.0352084636688232,0.02263244484938965,0.03451803511790969,0.4883928309939235,1.7236984968185425,4.468501567840576,0.008027562614390684,0.061163978844827396,0.3730977462288188,2.023472309112549,6.239039421081543,0.002517784144543102,0.05107113967079611,0.024839250782917106,0.003878986918896756,0.016741953955082118,0.06598014354574347,0.0005524097486687127,1.3040153980255127,4.384190082550049,-0.01498868316411972,0.168622687458992,"stated by Polaron, not image-verified",1bec114301c3,790c1ef
vc2whyaq,Batch_3,SE,52,990207,14331168,bright_both_p90,0.355475168323391,1027,1358,127,1.4089361429214478,3.0352084636688232,0.02263244484938965,0.03451803511790969,0.4883928309939235,1.7236984968185425,4.468501567840576,0.008027562614390684,0.061163978844827396,0.3730977462288188,2.023472309112549,6.239039421081543,0.002517784144543102,0.05107113967079611,0.024839250782917106,0.003878986918896756,0.016741953955082118,0.06598014354574347,0.0005524097486687127,1.3040153980255127,4.384190082550049,-0.01498868316411972,0.168622687458992,"stated by Polaron, not image-verified",1bec114301c3,790c1ef
vc2whyaq,Batch_3,SE,52,990207,14331168,bright_both_p95,0.08986504841916892,1027,1040,67,1.4089361429214478,3.0352084636688232,0.02263244484938965,0.03451803511790969,0.4883928309939235,1.7236984968185425,4.468501567840576,0.008027562614390684,0.061163978844827396,0.3730977462288188,2.023472309112549,6.239039421081543,0.002517784144543102,0.05107113967079611,0.024839250782917106,0.003878986918896756,0.016741953955082118,0.06598014354574347,0.0005524097486687127,1.3040153980255127,4.384190082550049,-0.01498868316411972,0.168622687458992,"stated by Polaron, not image-verified",1bec114301c3,790c1ef
vc2whyaq,Batch_3,SE,52,990207,14331168,bright_both_p99,0.0072833256076759705,1027,1007,30,1.4089361429214478,3.0352084636688232,0.02263244484938965,0.03451803511790969,0.4883928309939235,1.7236984968185425,4.468501567840576,0.008027562614390684,0.061163978844827396,0.3730977462288188,2.023472309112549,6.239039421081543,0.002517784144543102,0.05107113967079611,0.024839250782917106,0.003878986918896756,0.016741953955082118,0.06598014354574347,0.0005524097486687127,1.3040153980255127,4.384190082550049,-0.01498868316411972,0.168622687458992,"stated by Polaron, not image-verified",1bec114301c3,790c1ef
vc2whyaq,Batch_3,SE,52,990207,14331168,edge_glow_n3,0.0005776569949515607,1027,1028,1,1.4089361429214478,3.0352084636688232,0.02263244484938965,0.03451803511790969,0.4883928309939235,1.7236984968185425,4.468501567840576,0.008027562614390684,0.061163978844827396,0.3730977462288188,2.023472309112549,6.239039421081543,0.002517784144543102,0.05107113967079611,0.024839250782917106,0.003878986918896756,0.016741953955082118,0.06598014354574347,0.0005524097486687127,1.3040153980255127,4.384190082550049,-0.01498868316411972,0.168622687458992,"stated by Polaron, not image-verified",1bec114301c3,790c1ef
vc2whyaq,Batch_3,SE,52,990207,14331168,edge_glow_n5,0.0022884104030773365,1027,1026,6,1.4089361429214478,3.0352084636688232,0.02263244484938965,0.03451803511790969,0.4883928309939235,1.7236984968185425,4.468501567840576,0.008027562614390684,0.061163978844827396,0.3730977462288188,2.023472309112549,6.239039421081543,0.002517784144543102,0.05107113967079611,0.024839250782917106,0.003878986918896756,0.016741953955082118,0.06598014354574347,0.0005524097486687127,1.3040153980255127,4.384190082550049,-0.01498868316411972,0.168622687458992,"stated by Polaron, not image-verified",1bec114301c3,790c1ef
vc2whyaq,Batch_3,SE,52,990207,14331168,edge_glow_n10,0.006574382932053601,1027,1019,16,1.4089361429214478,3.0352084636688232,0.02263244484938965,0.03451803511790969,0.4883928309939235,1.7236984968185425,4.468501567840576,0.008027562614390684,0.061163978844827396,0.3730977462288188,2.023472309112549,6.239039421081543,0.002517784144543102,0.05107113967079611,0.024839250782917106,0.003878986918896756,0.016741953955082118,0.06598014354574347,0.0005524097486687127,1.3040153980255127,4.384190082550049,-0.01498868316411972,0.168622687458992,"stated by Polaron, not image-verified",1bec114301c3,790c1ef
x77cy643,Batch_3,SE,52,1111765,14322960,none,0.0,878,878,0,1.4591025114059448,3.222566843032837,0.02234340247709973,0.0452541679221778,0.5273641461999613,1.7481698989868164,4.196831226348877,0.008968401530482397,0.0458046439670254,0.3208645711998489,2.023472309112549,5.920529842376709,0.002218105228620637,0.03741438163640697,0.020904597644286337,0.004270686700876534,0.015496980027253962,0.057736122292031136,0.0012025922744464883,1.2113302946090698,3.972001075744629,-0.027530234307050705,0.0,"stated by Polaron, not image-verified",1bec114301c3,790c1ef
x77cy643,Batch_3,SE,52,1111765,14322960,bright_both_p90,0.24198639100889127,878,1073,163,1.4591025114059448,3.222566843032837,0.02234340247709973,0.0452541679221778,0.5273641461999613,1.7481698989868164,4.196831226348877,0.008968401530482397,0.0458046439670254,0.3208645711998489,2.023472309112549,5.920529842376709,0.002218105228620637,0.03741438163640697,0.020904597644286337,0.004270686700876534,0.015496980027253962,0.057736122292031136,0.0012025922744464883,1.2113302946090698,3.972001075744629,-0.027530234307050705,0.0,"stated by Polaron, not image-verified",1bec114301c3,790c1ef
x77cy643,Batch_3,SE,52,1111765,14322960,bright_both_p95,0.06016199466613898,878,803,102,1.4591025114059448,3.222566843032837,0.02234340247709973,0.0452541679221778,0.5273641461999613,1.7481698989868164,4.196831226348877,0.008968401530482397,0.0458046439670254,0.3208645711998489,2.023472309112549,5.920529842376709,0.002218105228620637,0.03741438163640697,0.020904597644286337,0.004270686700876534,0.015496980027253962,0.057736122292031136,0.0012025922744464883,1.2113302946090698,3.972001075744629,-0.027530234307050705,0.0,"stated by Polaron, not image-verified",1bec114301c3,790c1ef
x77cy643,Batch_3,SE,52,1111765,14322960,bright_both_p99,0.009184494924736792,878,836,42,1.4591025114059448,3.222566843032837,0.02234340247709973,0.0452541679221778,0.5273641461999613,1.7481698989868164,4.196831226348877,0.008968401530482397,0.0458046439670254,0.3208645711998489,2.023472309112549,5.920529842376709,0.002218105228620637,0.03741438163640697,0.020904597644286337,0.004270686700876534,0.015496980027253962,0.057736122292031136,0.0012025922744464883,1.2113302946090698,3.972001075744629,-0.027530234307050705,0.0,"stated by Polaron, not image-verified",1bec114301c3,790c1ef
x77cy643,Batch_3,SE,52,1111765,14322960,edge_glow_n3,0.0005288887489712304,878,877,1,1.4591025114059448,3.222566843032837,0.02234340247709973,0.0452541679221778,0.5273641461999613,1.7481698989868164,4.196831226348877,0.008968401530482397,0.0458046439670254,0.3208645711998489,2.023472309112549,5.920529842376709,0.002218105228620637,0.03741438163640697,0.020904597644286337,0.004270686700876534,0.015496980027253962,0.057736122292031136,0.0012025922744464883,1.2113302946090698,3.972001075744629,-0.027530234307050705,0.0,"stated by Polaron, not image-verified",1bec114301c3,790c1ef
x77cy643,Batch_3,SE,52,1111765,14322960,edge_glow_n5,0.0020777772281012625,878,874,5,1.4591025114059448,3.222566843032837,0.02234340247709973,0.0452541679221778,0.5273641461999613,1.7481698989868164,4.196831226348877,0.008968401530482397,0.0458046439670254,0.3208645711998489,2.023472309112549,5.920529842376709,0.002218105228620637,0.03741438163640697,0.020904597644286337,0.004270686700876534,0.015496980027253962,0.057736122292031136,0.0012025922744464883,1.2113302946090698,3.972001075744629,-0.027530234307050705,0.0,"stated by Polaron, not image-verified",1bec114301c3,790c1ef
x77cy643,Batch_3,SE,52,1111765,14322960,edge_glow_n10,0.004788781801909576,878,849,29,1.4591025114059448,3.222566843032837,0.02234340247709973,0.0452541679221778,0.5273641461999613,1.7481698989868164,4.196831226348877,0.008968401530482397,0.0458046439670254,0.3208645711998489,2.023472309112549,5.920529842376709,0.002218105228620637,0.03741438163640697,0.020904597644286337,0.004270686700876534,0.015496980027253962,0.057736122292031136,0.0012025922744464883,1.2113302946090698,3.972001075744629,-0.027530234307050705,0.0,"stated by Polaron, not image-verified",1bec114301c3,790c1ef
x7u69zsw,Batch_3,ETD,39,1679678,14275296,none,0.0,2479,2479,0,7.2507758140563965,3.7578773498535156,0.013798186108589114,0.096459559510811,0.5109794853537404,9.274248123168945,4.52872371673584,0.00487091801445822,0.0688840361069205,0.24856252210245058,12.98394775390625,7.419398784637451,0.00016066091014630866,0.03013613323506053,0.05775392664546419,0.005656441294105179,0.025206021630336292,0.09418710014657572,1.1907044088212146e-05,4.215567111968994,3.9505889415740967,-0.337245374917984,0.0,"stated by Polaron, not image-verified",1bec114301c3,790c1ef
x7u69zsw,Batch_3,ETD,39,1679678,14275296,bright_both_p90,0.1116249662137624,2479,2193,612,7.2507758140563965,3.7578773498535156,0.013798186108589114,0.096459559510811,0.5109794853537404,9.274248123168945,4.52872371673584,0.00487091801445822,0.0688840361069205,0.24856252210245058,12.98394775390625,7.419398784637451,0.00016066091014630866,0.03013613323506053,0.05775392664546419,0.005656441294105179,0.025206021630336292,0.09418710014657572,1.1907044088212146e-05,4.215567111968994,3.9505889415740967,-0.337245374917984,0.0,"stated by Polaron, not image-verified",1bec114301c3,790c1ef
x7u69zsw,Batch_3,ETD,39,1679678,14275296,bright_both_p95,0.05407345931779781,2479,2304,309,7.2507758140563965,3.7578773498535156,0.013798186108589114,0.096459559510811,0.5109794853537404,9.274248123168945,4.52872371673584,0.00487091801445822,0.0688840361069205,0.24856252210245058,12.98394775390625,7.419398784637451,0.00016066091014630866,0.03013613323506053,0.05775392664546419,0.005656441294105179,0.025206021630336292,0.09418710014657572,1.1907044088212146e-05,4.215567111968994,3.9505889415740967,-0.337245374917984,0.0,"stated by Polaron, not image-verified",1bec114301c3,790c1ef
x7u69zsw,Batch_3,ETD,39,1679678,14275296,bright_both_p99,0.005212903901819277,2479,2475,14,7.2507758140563965,3.7578773498535156,0.013798186108589114,0.096459559510811,0.5109794853537404,9.274248123168945,4.52872371673584,0.00487091801445822,0.0688840361069205,0.24856252210245058,12.98394775390625,7.419398784637451,0.00016066091014630866,0.03013613323506053,0.05775392664546419,0.005656441294105179,0.025206021630336292,0.09418710014657572,1.1907044088212146e-05,4.215567111968994,3.9505889415740967,-0.337245374917984,0.0,"stated by Polaron, not image-verified",1bec114301c3,790c1ef
x7u69zsw,Batch_3,ETD,39,1679678,14275296,edge_glow_n3,0.0010031684644318732,2479,2472,6,7.2507758140563965,3.7578773498535156,0.013798186108589114,0.096459559510811,0.5109794853537404,9.274248123168945,4.52872371673584,0.00487091801445822,0.0688840361069205,0.24856252210245058,12.98394775390625,7.419398784637451,0.00016066091014630866,0.03013613323506053,0.05775392664546419,0.005656441294105179,0.025206021630336292,0.09418710014657572,1.1907044088212146e-05,4.215567111968994,3.9505889415740967,-0.337245374917984,0.0,"stated by Polaron, not image-verified",1bec114301c3,790c1ef
x7u69zsw,Batch_3,ETD,39,1679678,14275296,edge_glow_n5,0.0045854026783704975,2479,2432,57,7.2507758140563965,3.7578773498535156,0.013798186108589114,0.096459559510811,0.5109794853537404,9.274248123168945,4.52872371673584,0.00487091801445822,0.0688840361069205,0.24856252210245058,12.98394775390625,7.419398784637451,0.00016066091014630866,0.03013613323506053,0.05775392664546419,0.005656441294105179,0.025206021630336292,0.09418710014657572,1.1907044088212146e-05,4.215567111968994,3.9505889415740967,-0.337245374917984,0.0,"stated by Polaron, not image-verified",1bec114301c3,790c1ef
x7u69zsw,Batch_3,ETD,39,1679678,14275296,edge_glow_n10,0.013749659160862975,2479,2378,130,7.2507758140563965,3.7578773498535156,0.013798186108589114,0.096459559510811,0.5109794853537404,9.274248123168945,4.52872371673584,0.00487091801445822,0.0688840361069205,0.24856252210245058,12.98394775390625,7.419398784637451,0.00016066091014630866,0.03013613323506053,0.05775392664546419,0.005656441294105179,0.025206021630336292,0.09418710014657572,1.1907044088212146e-05,4.215567111968994,3.9505889415740967,-0.337245374917984,0.0,"stated by Polaron, not image-verified",1bec114301c3,790c1ef
xgj4xftb,Batch_3,ETD,39,1524868,11146464,none,0.0,2133,2133,0,6.7898736000061035,3.878321886062622,0.01492592456621846,0.15617942012029895,0.4215558330294819,8.27375316619873,5.058681011199951,0.0066125042353371985,0.1234257653777245,0.20107445365762808,8.27375316619873,8.009577751159668,0.002045355112417366,0.16859033044171692,0.022023545644606617,0.012155150478598803,0.046648627946812446,0.14787837373464457,0.00021641217469315377,4.541571140289307,4.131256103515625,-0.40469443798065186,0.0,"stated by Polaron, not image-verified",1bec114301c3,790c1ef
xgj4xftb,Batch_3,ETD,39,1524868,11146464,bright_both_p90,0.13510546486646713,2133,2250,350,6.7898736000061035,3.878321886062622,0.01492592456621846,0.15617942012029895,0.4215558330294819,8.27375316619873,5.058681011199951,0.0066125042353371985,0.1234257653777245,0.20107445365762808,8.27375316619873,8.009577751159668,0.002045355112417366,0.16859033044171692,0.022023545644606617,0.012155150478598803,0.046648627946812446,0.14787837373464457,0.00021641217469315377,4.541571140289307,4.131256103515625,-0.40469443798065186,0.0,"stated by Polaron, not image-verified",1bec114301c3,790c1ef
xgj4xftb,Batch_3,ETD,39,1524868,11146464,bright_both_p95,0.07162587187874622,2133,2125,194,6.7898736000061035,3.878321886062622,0.01492592456621846,0.15617942012029895,0.4215558330294819,8.27375316619873,5.058681011199951,0.0066125042353371985,0.1234257653777245,0.20107445365762808,8.27375316619873,8.009577751159668,0.002045355112417366,0.16859033044171692,0.022023545644606617,0.012155150478598803,0.046648627946812446,0.14787837373464457,0.00021641217469315377,4.541571140289307,4.131256103515625,-0.40469443798065186,0.0,"stated by Polaron, not image-verified",1bec114301c3,790c1ef
xgj4xftb,Batch_3,ETD,39,1524868,11146464,bright_both_p99,0.026461306814753803,2133,2105,73,6.7898736000061035,3.878321886062622,0.01492592456621846,0.15617942012029895,0.4215558330294819,8.27375316619873,5.058681011199951,0.0066125042353371985,0.1234257653777245,0.20107445365762808,8.27375316619873,8.009577751159668,0.002045355112417366,0.16859033044171692,0.022023545644606617,0.012155150478598803,0.046648627946812446,0.14787837373464457,0.00021641217469315377,4.541571140289307,4.131256103515625,-0.40469443798065186,0.0,"stated by Polaron, not image-verified",1bec114301c3,790c1ef
xgj4xftb,Batch_3,ETD,39,1524868,11146464,edge_glow_n3,0.001612598598698379,2133,2130,5,6.7898736000061035,3.878321886062622,0.01492592456621846,0.15617942012029895,0.4215558330294819,8.27375316619873,5.058681011199951,0.0066125042353371985,0.1234257653777245,0.20107445365762808,8.27375316619873,8.009577751159668,0.002045355112417366,0.16859033044171692,0.022023545644606617,0.012155150478598803,0.046648627946812446,0.14787837373464457,0.00021641217469315377,4.541571140289307,4.131256103515625,-0.40469443798065186,0.0,"stated by Polaron, not image-verified",1bec114301c3,790c1ef
xgj4xftb,Batch_3,ETD,39,1524868,11146464,edge_glow_n5,0.006565814221296532,2133,2116,22,6.7898736000061035,3.878321886062622,0.01492592456621846,0.15617942012029895,0.4215558330294819,8.27375316619873,5.058681011199951,0.0066125042353371985,0.1234257653777245,0.20107445365762808,8.27375316619873,8.009577751159668,0.002045355112417366,0.16859033044171692,0.022023545644606617,0.012155150478598803,0.046648627946812446,0.14787837373464457,0.00021641217469315377,4.541571140289307,4.131256103515625,-0.40469443798065186,0.0,"stated by Polaron, not image-verified",1bec114301c3,790c1ef
xgj4xftb,Batch_3,ETD,39,1524868,11146464,edge_glow_n10,0.01879703685827232,2133,2117,67,6.7898736000061035,3.878321886062622,0.01492592456621846,0.15617942012029895,0.4215558330294819,8.27375316619873,5.058681011199951,0.0066125042353371985,0.1234257653777245,0.20107445365762808,8.27375316619873,8.009577751159668,0.002045355112417366,0.16859033044171692,0.022023545644606617,0.012155150478598803,0.046648627946812446,0.14787837373464457,0.00021641217469315377,4.541571140289307,4.131256103515625,-0.40469443798065186,0.0,"stated by Polaron, not image-verified",1bec114301c3,790c1ef
